serial_number,activity_date,facility_name,score,grade,service_code,service_description,employee_id,facility_address,facility_city,facility_id,facility_state,facility_zip,owner_id,owner_name,pe_description,program_element_pe,program_name,program_status,record_id
DAQHRSETQ,2017-06-08,MARGARITAS CAFE,93,A,1,ROUTINE INSPECTION,EE0000006,5026 S CRENSHAW BLVD,LOS ANGELES,FA0023656,CA,90043,OW0004133,"BAZAN, ASCENCION",RESTAURANT (61-150) SEATS HIGH RISK,1638,MARGARITAS CAFE,ACTIVE,PR0011718
DA2GQRJOS,2017-03-07,LAS MOLENDERAS,97,A,1,ROUTINE INSPECTION,EE0000997,2635 WHITTIER BLVD,LOS ANGELES,FA0160416,CA,90023,OW0125379,MARISOL FEREGRINO,RESTAURANT (0-30) SEATS HIGH RISK,1632,LAS MOLENDERAS,INACTIVE,PR0148504
DAMQTA46T,2016-03-22,SANDRA'S TAMALES,93,A,1,ROUTINE INSPECTION,EE0001049,5390 WHITTIER BLVD,LOS ANGELES,FA0171769,CA,90022-4032,OW0178828,SANDRA'S TAMALES INC.,RESTAURANT (0-30) SEATS MODERATE RISK,1631,SANDRA'S TAMALES,ACTIVE,PR0164225
DAXMBTIRZ,2018-02-12,CAFE GRATITUDE,97,A,1,ROUTINE INSPECTION,EE0000828,639 N LARCHMONT BLVD STE #102,LOS ANGELES,FA0058921,CA,90004,OW0005704,CAFE GRATITUDE LARCHMONT LLC,RESTAURANT (61-150) SEATS HIGH RISK,1638,CAFE GRATITUDE,ACTIVE,PR0019854
DAK8TBMS0,2015-09-10,THE WAFFLE,90,A,1,ROUTINE INSPECTION,EE0000709,6255 W SUNSET BLVD STE #105,LOS ANGELES,FA0051830,CA,90028,OW0035796,"THE WAFFLE, LLC",RESTAURANT (61-150) SEATS HIGH RISK,1638,THE WAFFLE,ACTIVE,PR0010922
DAQZAULOI,2017-10-11,INTI PERUVIAN RESTAURANT,94,A,1,ROUTINE INSPECTION,EE0000828,5870 MELROSE AVE # #105,LOS ANGELES,FA0030334,CA,90038,OW0023369,MARIN & MARTINEZ GROUP CORP.,RESTAURANT (31-60) SEATS HIGH RISK,1635,INTI PERUVIAN RESTAURANT,INACTIVE,PR0043182
DAD0XX0IG,2017-07-14,WOLFGANG PUCK EXPRESS,95,A,1,ROUTINE INSPECTION,EE0000117,308 WESTWOOD PLZ # 1390L,LOS ANGELES,FA0138414,CA,90024,OW0101772,UCLAWP LLC,RESTAURANT (151 + ) SEATS HIGH RISK,1641,WOLFGANG PUCK EXPRESS,ACTIVE,PR0122727
DAAHVVCMT,2016-11-02,IN N OUT DAILY MARKET,94,A,1,ROUTINE INSPECTION,EE0000740,5048 HUNTINGTON DR S,LOS ANGELES,FA0175610,CA,90032,OW0182143,EMME LAN P. DIEU,RESTAURANT (0-30) SEATS MODERATE RISK,1631,IN N OUT DAILY MARKET,ACTIVE,PR0168775
DAH840R2I,2016-06-30,CHOI'S MARKET,99,A,1,ROUTINE INSPECTION,EE0000740,1828 N BROADWAY,LOS ANGELES,FA0160457,CA,90031,OW0125421,YOUNG YOON,"FOOD MKT RETAIL (25-1,999 SF) LOW RISK",1610,CHOI'S MARKET,ACTIVE,PR0148548
DAXJPOD1H,2017-01-04,LENTO MARKET LLC,98,A,1,ROUTINE INSPECTION,EE0000360,1288 W SUNSET BLVD,LOS ANGELES,FA0239946,CA,90026,OW0236134,LENTO MARKET LLC,"FOOD MKT RETAIL (25-1,999 SF) LOW RISK",1610,LENTO MARKET LLC,ACTIVE,PR0187951
DAMHFWY2G,2016-04-05,SOPITA RAMEN,90,A,1,ROUTINE INSPECTION,EE0000884,3087 W PICO BLVD STE 9,LOS ANGELES,FA0167850,CA,90006,OW0130819,KIBOMI INC,RESTAURANT (0-30) SEATS HIGH RISK,1632,SOPITA RAMEN,ACTIVE,PR0158271
DA0919122,2017-08-10,PRINCIPIO MERCADO Y CARNICERIA,91,A,1,ROUTINE INSPECTION,EE0000721,2630 MAPLE AVE,LOS ANGELES,FA0172138,CA,90011,OW0179186,CARLOS MIGUEL GONZALEZ,"FOOD MKT RETAIL (25-1,999 SF) HIGH RISK",1612,PRINCIPIO MERCADO Y CARNICERIA,ACTIVE,PR0164655
DAX2ZPD4B,2018-03-08,EL POLLO LOCO #3301,94,A,1,ROUTINE INSPECTION,EE0001048,1833 S LA CIENEGA BLVD,LOS ANGELES,FA0021252,CA,90035,OW0028128,"PEG/LION, LLC",RESTAURANT (31-60) SEATS HIGH RISK,1635,EL POLLO LOCO #3301,ACTIVE,PR0029282
DAUOR00BP,2015-12-16,MARISCOS SAN MIGUEL ARCANGEL,91,A,1,ROUTINE INSPECTION,EE0000721,2614 S MAPLE AVE,LOS ANGELES,FA0136736,CA,90011-1432,OW0099393,"PONCE, JUAN CARLOS",RESTAURANT (0-30) SEATS HIGH RISK,1632,MARISCOS SAN MIGUEL ARCANGEL,ACTIVE,PR0119954
DALUB7708,2017-11-06,PLAYA DORA,91,A,1,ROUTINE INSPECTION,EE0000729,10522 S VERMONT AVE,LOS ANGELES,FA0178503,CA,90044,OW0184237,NIDIA L ALDANA,RESTAURANT (0-30) SEATS HIGH RISK,1632,PLAYA DORA,ACTIVE,PR0171943
DAGPKIQAN,2017-02-14,PLAN CHECK,98,A,1,ROUTINE INSPECTION,EE0000721,1111 WILSHIRE BLVD,LOS ANGELES,FA0164576,CA,90017,OW0127912,PLAN CHECK DOWNTOWN III LLC,RESTAURANT (61-150) SEATS HIGH RISK,1638,PLAN CHECK,ACTIVE,PR0152855
DAE9A7CVY,2016-07-01,LOCALI,100,A,1,ROUTINE INSPECTION,EE0000894,701 LINCOLN BLVD,LOS ANGELES,FA0159783,CA,90291,OW0124783,BE MY GUEST INC,RESTAURANT (0-30) SEATS MODERATE RISK,1631,LOCALI,ACTIVE,PR0147848
DA3XQJLEH,2017-06-06,KIM HUNG BAKERY,96,A,1,ROUTINE INSPECTION,EE0000740,959 N BROADWAY,LOS ANGELES,FA0020047,CA,90012,OW0037257,"VAN QUANG, NAM",RESTAURANT (0-30) SEATS MODERATE RISK,1631,KIM HUNG BAKERY,ACTIVE,PR0001097
DAC0N7TC7,2017-01-12,VINCENTE FOODS-MARKET,93,A,1,ROUTINE INSPECTION,EE0000727,12027 SAN VICENTE BLVD,LOS ANGELES,FA0039887,CA,90049,OW0001712,"ADAMS,ESTHER&LAZAR BERNAHARD","FOOD MKT RETAIL (2,000+ SF) LOW RISK",1613,VINCENTE FOODS-MARKET,ACTIVE,PR0015454
DA990YCAE,2016-12-06,GWEN,97,A,1,ROUTINE INSPECTION,EE0000822,6600 SUNSET BLVD,LOS ANGELES,FA0225449,CA,90028-7160,OW0229713,"9 STONES, LLC",RESTAURANT (61-150) SEATS HIGH RISK,1638,GWEN,ACTIVE,PR0180771
DAVGGBQNJ,2017-01-19,OAXACALIFORNIA,98,A,1,ROUTINE INSPECTION,EE0000707,3655 S GRAND AVE STE C-8,LOS ANGELES,FA0042299,CA,90007,OW0002812,"ANTONIO, JUAN",RESTAURANT (0-30) SEATS MODERATE RISK,1631,OAXACALIFORNIA,ACTIVE,PR0031684
DA0N7AWN0,2016-09-21,MICHELLE'S DONUT HOUSE,96,A,1,ROUTINE INSPECTION,EE0000798,3783 S WESTERN AVE,LOS ANGELES,FA0039310,CA,90018,OW0032004,SCOTT VICHETH KHEM,RESTAURANT (0-30) SEATS MODERATE RISK,1631,MICHELLE'S DONUT HOUSE,INACTIVE,PR0031269
DA2M0ZPRD,2017-01-24,LA PRINCESITA MARKET,95,A,1,ROUTINE INSPECTION,EE0000997,2426 E 4TH ST,LOS ANGELES,FA0065292,CA,90063,OW0029496,RAMIREZ FRANCISCO,"FOOD MKT RETAIL (25-1,999 SF) HIGH RISK",1612,LA PRINCESITA MARKET,INACTIVE,PR0027280
DAIFCWL0I,2016-03-23,EL SABROSO,90,A,1,ROUTINE INSPECTION,EE0000557,501 N BRANNICK AVE,LOS ANGELES,FA0061598,CA,90063,OW0013584,"GOMEZ, ELIGIO",RESTAURANT (0-30) SEATS MODERATE RISK,1631,EL SABROSO,ACTIVE,PR0022052
DAQPM7CQK,2016-05-26,ONO HAWAIIAN BBQ,96,A,1,ROUTINE INSPECTION,EE0000853,5550 WILSHIRE BLVD STE 101C,LOS ANGELES,FA0067962,CA,90036,OW0020257,"L.A. SUNSET, LLC",RESTAURANT (31-60) SEATS HIGH RISK,1635,ONO HAWAIIAN BBQ,ACTIVE,PR0045111
DAQPMMVK2,2017-07-25,FOOD 4 LESS #766,95,A,1,ROUTINE INSPECTION,EE0000923,5100 N FIGUEROA ST,LOS ANGELES,FA0023433,CA,90042,OW0012108,"FOOD 4 LESS, INC.","FOOD MKT RETAIL (25-1,999 SF) HIGH RISK",1612,FOOD 4 LESS #766 - MEAT DEPT,ACTIVE,PR0032487
DAZLJWCPK,2018-01-16,CAFE SEOUL NANDARANG,95,A,1,ROUTINE INSPECTION,EE0000869,3815 W 6TH ST,LOS ANGELES,FA0006953,CA,90020,OW0016238,HONG EUN CHONG INC,RESTAURANT (61-150) SEATS HIGH RISK,1638,CAFE SEOUL NANDARANG,ACTIVE,PR0020642
DACACY9JC,2016-06-08,FRATERNAL ORDER OF EAGLES,93,A,1,ROUTINE INSPECTION,EE0000953,13018 W WASHINGTON BLVD,LOS ANGELES,FA0001155,CA,90066,OW0012318,FRATERNAL ORDER OF EAGLES,RESTAURANT (61-150) SEATS MODERATE RISK,1637,FRATERNAL ORDER OF EAGLES,ACTIVE,PR0025338
DAOHLT1WF,2017-08-17,ADMIRALS CLUB,98,A,1,ROUTINE INSPECTION,EE0000122,400 WORLD WAY,LOS ANGELES,FA0004930,CA,90045,OW0125020,"AMERICAN AIRLINES, INC.",RESTAURANT (31-60) SEATS MODERATE RISK,1634,ADMIRALS CLUB BUSINESS KITCHEN,ACTIVE,PR0024054
DA8DAT5G0,2017-12-08,SALLY'S SNACK SHOP,93,A,1,ROUTINE INSPECTION,EE0000721,228 W 6TH ST,LOS ANGELES,FA0046716,CA,90014,OW0023330,"MARGOSSIAN, KARMEN",RESTAURANT (0-30) SEATS MODERATE RISK,1631,SALLY'S SNACK SHOP,ACTIVE,PR0037435
DAKIPC9UB,2016-06-16,LA PETITE BOULANGERIE,86,B,1,ROUTINE INSPECTION,EE0000721,330 S HOPE ST,LOS ANGELES,FA0180531,CA,90071,OW0185889,MARCO INVESTMENT CORP.,RESTAURANT (31-60) SEATS MODERATE RISK,1634,LA PETITE BOULANGERIE,INACTIVE,PR0174307
DAGDXJ32I,2015-09-14,TROPICANA JUICE BAR & DELI,90,A,1,ROUTINE INSPECTION,EE0000923,5202 MONTE VISTA ST,LOS ANGELES,FA0033725,CA,90042,OW0020496,LA TROPICANA MARKET INC.,RESTAURANT (0-30) SEATS MODERATE RISK,1631,LA TROPOCANA JUICE BAR/DELI,ACTIVE,PR0048308
DAMSHMCC7,2016-01-27,B SWEET DESSERT BAR,98,A,1,ROUTINE INSPECTION,EE0000684,2005 S SAWTELLE BLVD,LOS ANGELES,FA0160908,CA,90025-6229,OW0125842,B SWEET LLC,RESTAURANT (0-30) SEATS MODERATE RISK,1631,B SWEET DESSERT BAR,ACTIVE,PR0149002
DADTCJC3M,2016-12-06,CHA CHA CHILI,80,B,1,ROUTINE INSPECTION,EE0000740,4625 E VALLEY BLVD,LOS ANGELES,FA0008243,CA,90032,OW0006829,CHA GAVIN,RESTAURANT (31-60) SEATS HIGH RISK,1635,CHA CHA CHILI,ACTIVE,PR0038243
DACE12KGP,2016-05-04,NORTHGATE MARKETS #38,93,A,1,ROUTINE INSPECTION,EE0001025,944 E SLAUSON AVE,LOS ANGELES,FA0167720,CA,90011,OW0026268,NORTHGATE GONZALEZ LLC,"FOOD MKT RETAIL (25-1,999 SF) LOW RISK",1610,NORTHGATE MARKETS #38 (TORTILLERIA),ACTIVE,PR0158101
DAPJIWLWW,2017-04-19,SPARE TIRE,93,A,1,ROUTINE INSPECTION,EE0000853,5368 WILSHIRE BLVD,LOS ANGELES,FA0012783,CA,90036,OW0035707,THE RED MILE INC,RESTAURANT (61-150) SEATS HIGH RISK,1638,SPARE TIRE,ACTIVE,PR0016180
DASJSBQ00,2017-02-02,CJ COFFEE SHOP,91,A,1,ROUTINE INSPECTION,EE0000871,5501 W PICO BLVD,LOS ANGELES,FA0015649,CA,90019,OW0008176,"CISNEROS, JESSICA",RESTAURANT (31-60) SEATS HIGH RISK,1635,CJ COFFEE SHOP,ACTIVE,PR0009705
DAVPOIW1N,2016-12-09,OLEEGO,95,A,1,ROUTINE INSPECTION,EE0000360,639 N BROADWAY # G,LOS ANGELES,FA0178307,CA,90012,OW0184081,PARK'S BBQ EXPRESS INC.,RESTAURANT (0-30) SEATS HIGH RISK,1632,OLEEGO,ACTIVE,PR0171430
DABMGDIKN,2015-07-06,MAGEE'S KITCHEN,93,A,1,ROUTINE INSPECTION,EE0000468,6333 3RD ST,LOS ANGELES,FA0001320,CA,90036,OW0022850,"MAGEE,S B AND P H ET AL",RESTAURANT (0-30) SEATS HIGH RISK,1632,MAGEE'S KITCHEN,ACTIVE,PR0004406
DA5EN4LEK,2017-04-10,JACK IN THE BOX #3377,95,A,1,ROUTINE INSPECTION,EE0000723,1906 S CRENSHAW BLVD,LOS ANGELES,FA0064110,CA,90016,OW0017276,"JACK IN THE BOX, INC",RESTAURANT (61-150) SEATS MODERATE RISK,1637,JACK IN THE BOX #3377,ACTIVE,PR0042638
DAH08SUQB,2016-01-13,CARNITAS URUAPAN - MARKET & BAKERY,92,A,1,ROUTINE INSPECTION,EE0000740,2102 E CESAR E CHAVEZ AVE,LOS ANGELES,FA0158671,CA,90033,OW0123723,THE DRAWDE TOWER CORPORATION,"FOOD MKT RETAIL (2,000+ SF) HIGH RISK",1615,CARNITAS URUAPAN MARKET AND BAKERY,INACTIVE,PR0146749
DAB7P1MJS,2017-03-29,NUEVO JALISCO BAR,95,A,1,ROUTINE INSPECTION,EE0000721,245 S MAIN ST,LOS ANGELES,FA0067736,CA,90012,OW0012742,GARCIA MARIA J,RESTAURANT (31-60) SEATS LOW RISK,1633,NUEVO JALISCO BAR,ACTIVE,PR0039140
DAESGBIPX,2017-04-20,TACO HOUSE,91,A,1,ROUTINE INSPECTION,EE0000721,340 S HILL ST,LOS ANGELES,FA0050831,CA,90013,OW0025036,"MORALES, JORGE MARIO",RESTAURANT (31-60) SEATS HIGH RISK,1635,TACO HOUSE,ACTIVE,PR0028543
DAJMARFHH,2017-05-25,TACOS EL UNICO,94,A,1,ROUTINE INSPECTION,EE0000594,1375 W ADAMS BLVD,LOS ANGELES,FA0050333,CA,90007,OW0037050,V&E RESTAURANTS INC,RESTAURANT (0-30) SEATS HIGH RISK,1632,TACOS EL UNICO,ACTIVE,PR0036953
DALI1WJOE,2018-03-01,EDENDALE,95,A,1,ROUTINE INSPECTION,EE0000923,2838 ROWENA AVE,LOS ANGELES,FA0020151,CA,90039,OW0018812,"KEY OF E, INC.",RESTAURANT (61-150) SEATS HIGH RISK,1638,EDENDALE,ACTIVE,PR0011927
DAOGM0MYM,2016-01-08,MARIE CALLENDER'S RESTAURANT,91,A,1,ROUTINE INSPECTION,EE0000144,11324 NATIONAL BLVD,LOS ANGELES,FA0066403,CA,90064,OW0008964,COX-KALMBACH ENTERPRISES INC,RESTAURANT (61-150) SEATS HIGH RISK,1638,MARIE CALLENDER RESTAURANT,ACTIVE,PR0004524
DAUUSBADM,2017-05-18,WA SSADA ON DAL JAPANESE RES,90,A,1,ROUTINE INSPECTION,EE0000722,377 N WESTERN AVE,LOS ANGELES,FA0054071,CA,90004,OW0026778,ON DAL JAPANESE REST INC,RESTAURANT (31-60) SEATS HIGH RISK,1635,WA SSADA ON DAL JAPANESE RES,ACTIVE,PR0001720
DATF8L9OX,2015-11-03,EVO KITCHEN,92,A,1,ROUTINE INSPECTION,EE0000838,7950 W SUNSET BLVD STE 104,LOS ANGELES,FA0022433,CA,90046,OW0018637,KCM CAPITAL LLC,RESTAURANT (31-60) SEATS HIGH RISK,1635,EVO KITCHEN,ACTIVE,PR0039131
DAG0IZ1XU,2017-02-28,GUISADOS,92,A,1,ROUTINE INSPECTION,EE0000740,2100 E CESAR E CHAVEZ AVE,LOS ANGELES,FA0027210,CA,90033,OW0009565,"DE LA TORRE, ARMANDO DANIEL",RESTAURANT (0-30) SEATS HIGH RISK,1632,GUISADOS,ACTIVE,PR0021598
DAM04QH0M,2017-12-15,FLORES DISCOUNT MARKET,93,A,1,ROUTINE INSPECTION,EE0000691,7922 S CENTRAL AVE,LOS ANGELES,FA0013817,CA,90001,OW0012043,"FLORES, ELPIDIO","FOOD MKT RETAIL (25-1,999 SF) MODERATE RISK",1611,FLORES DISCOUNT MARKET,ACTIVE,PR0007247
DA3QCCHQ0,2017-07-24,7-ELEVEN #18821-B,90,A,1,ROUTINE INSPECTION,EE0000338,11075 OLYMPIC BLVD,LOS ANGELES,FA0172337,CA,90064,OW0179367,STEVEN KYUIN SHIM,"FOOD MKT RETAIL (2,000+ SF) LOW RISK",1613,7-ELEVEN #18821-B,ACTIVE,PR0164882
DA0DV2BTI,2016-07-20,CONCERT HALL CAFE,99,A,1,ROUTINE INSPECTION,EE0000721,111 S GRAND AVE # #950,LOS ANGELES,FA0060206,CA,90012,OW0035686,THE PATINA GROUP NEWCO LLC,RESTAURANT (0-30) SEATS LOW RISK,1630,CONCERT LOBBY BAR LEVEL 3,ACTIVE,PR0028415
DA0KUBBF6,2015-08-13,ANTOJITOS LISETH,90,A,1,ROUTINE INSPECTION,EE0000699,3324 W 6TH ST STE E1,LOS ANGELES,FA0006875,CA,90020,OW0010254,"DOMINGUEZ, ELIZABETH",RESTAURANT (0-30) SEATS HIGH RISK,1632,ANTOJITOS LISETH,INACTIVE,PR0030175
DAO2EELKI,2015-12-01,KELLY'S COFFEE,93,A,1,ROUTINE INSPECTION,EE0001004,5701 S EASTERN AVE,LOS ANGELES,FA0031879,CA,90040,OW0005302,BRITUL CORPORATION,RESTAURANT (0-30) SEATS MODERATE RISK,1631,KELLY'S COFFEE,ACTIVE,PR0033431
DA1FRI7RD,2016-03-31,RALPHS MARKET #759,92,A,1,ROUTINE INSPECTION,EE0000911,10861 WEYBURN AVE,LOS ANGELES,FA0045717,CA,90024,OW0029458,RALPHS GROCERY COMPANY,"FOOD MKT RETAIL (25-1,999 SF) HIGH RISK",1612,MEAT MARKET,ACTIVE,PR0004729
DANAIYCBV,2016-06-23,THE OPRHEUM THEATRE,96,A,1,ROUTINE INSPECTION,EE0000721,842 S BROADWAY,LOS ANGELES,FA0072400,CA,90014,OW0002770,ANJAC FASHION BLDGS,RESTAURANT (151 + ) SEATS LOW RISK,1639,THE OPRHEUM THEATER,ACTIVE,PR0035104
DAL5OI5DB,2016-07-26,JONS MARKET,95,A,1,ROUTINE INSPECTION,EE0000912,5311 SANTA MONICA BLVD,LOS ANGELES,FA0019185,CA,90029,OW0004431,BERBERIAN ENTERPRISES,RESTAURANT (0-30) SEATS HIGH RISK,1632,JON'S SERVICE DELI,ACTIVE,PR0013277
DA0ADUWM0,2018-03-02,SAN MARCOS TORTILLERIA,97,A,1,ROUTINE INSPECTION,EE0000255,1929 E 1ST ST,LOS ANGELES,FA0143498,CA,90033-3412,OW0106596,"GARCIA,GREGORIO ALBARADO","FOOD MKT RETAIL (25-1,999 SF) HIGH RISK",1612,SAN MARCOS TORTILLERIA,ACTIVE,PR0126952
DAKYQHFDV,2016-08-09,MIKE'S DELI #2,94,A,1,ROUTINE INSPECTION,EE0001058,238 E 1ST ST,LOS ANGELES,FA0066945,CA,90012,OW0024459,MIKE'S DELI INC.,RESTAURANT (0-30) SEATS MODERATE RISK,1631,MIKE'S DELI #2,INACTIVE,PR0030530
DACARECO0,2016-11-07,"KIM'S MANNA FISH & CHIP, INC",97,A,1,ROUTINE INSPECTION,EE0000195,10707 S AVALON BLVD,LOS ANGELES,FA0163503,CA,90061-2521,OW0127107,"KIM'S MANNA FISH & CHIP, INC",RESTAURANT (0-30) SEATS HIGH RISK,1632,KIM'S MANNA FISH & CHIPS,ACTIVE,PR0151726
DACAHD6VE,2017-12-27,RENAISSANCE 96TH STREET BISTRO,99,A,1,ROUTINE INSPECTION,EE0000955,9620 AIRPORT BLVD,LOS ANGELES,FA0046199,CA,90045,OW0039321,WSRH LAX AIRPORT LLC,RESTAURANT (151 + ) SEATS HIGH RISK,1641,RENAISSANCE BANQUET,ACTIVE,PR0025069
DA9LVNQKG,2016-02-24,EMMANUEL MINI MARKET,99,A,1,ROUTINE INSPECTION,EE0001026,4433 S ALAMEDA ST # B-14,LOS ANGELES,FA0203204,CA,90058-2008,OW0208422,ANTONIA M RIOS GUZMAN,"FOOD MKT RETAIL (25-1,999 SF) LOW RISK",1610,EMMANUEL MINI MARKET,ACTIVE,PR0175547
DACT0IRRJ,2017-11-18,DAILY DONUT,97,A,1,ROUTINE INSPECTION,EE0001073,8524 SAN PEDRO ST,LOS ANGELES,FA0160834,CA,90003,OW0125772,HANG DY YEK,RESTAURANT (0-30) SEATS MODERATE RISK,1631,DAILY DONUT,ACTIVE,PR0148920
DA5KYXXZ8,2016-03-22,ORIENTAL HEALTH SOUP,90,A,1,ROUTINE INSPECTION,EE0001003,4319 W 2ND ST,LOS ANGELES,FA0042646,CA,90004,OW0003878,"BANG, TYAE S",RESTAURANT (0-30) SEATS LOW RISK,1630,ORIENTAL HEALTH SOUP,ACTIVE,PR0008161
DAKLDXKJD,2017-08-29,KIM CHUY RESTAURANT,91,A,1,ROUTINE INSPECTION,EE0000360,727 N BROADWAY STE 103,LOS ANGELES,FA0064798,CA,90012,OW0006903,"CHALIM,VOUCH ENG",RESTAURANT (61-150) SEATS HIGH RISK,1638,KIM CHUY RESTAURANT,ACTIVE,PR0004286
DAIHM2FDV,2016-04-21,CHIPOTLE  MEXICAN GRILL,95,A,1,ROUTINE INSPECTION,EE0000468,8420 BEVERLY BLVD,LOS ANGELES,FA0222394,CA,90048-3402,OW0007608,"CHIPOTLE MEXICAN GRILL, INC.",RESTAURANT (31-60) SEATS HIGH RISK,1635,CHIPOTLE  MEXICAN GRILL,ACTIVE,PR0177398
DA328EV7T,2017-06-13,NOODLES TIME,91,A,1,ROUTINE INSPECTION,EE0000360,211 ALPINE ST # 7A,LOS ANGELES,FA0240105,CA,90012-4296,OW0236266,PREECHA THUAKTHAO,RESTAURANT (0-30) SEATS HIGH RISK,1632,NOODLES TIME,ACTIVE,PR0188111
DA3V3TL12,2017-02-16,LUCKY STATION,95,A,1,ROUTINE INSPECTION,EE0000721,444 S FLOWER ST STE 130,LOS ANGELES,FA0023055,CA,90071,OW0032633,SHIN SHALLY C.,"FOOD MKT RETAIL (25-1,999 SF) LOW RISK",1610,LUCKY STATION,ACTIVE,PR0016063
DANBPCSWD,2016-01-12,THE COFFEE BEAN & TEA LEAF,96,A,1,ROUTINE INSPECTION,EE0000874,3726 S FIGUEROA ST,LOS ANGELES,FA0060046,CA,90007,OW0017025,INTERNATIONAL COFFEE & TEA LLC,RESTAURANT (0-30) SEATS LOW RISK,1630,COFFEE BEAN & TEA LEAF,ACTIVE,PR0031631
DAJLYARZS,2015-08-05,OASISTKOS,92,A,1,ROUTINE INSPECTION,EE0000006,2201 W 54TH ST,LOS ANGELES,FA0164863,CA,90043,OW0128172,FERNANDO HERNANDEZ,"FOOD MKT RETAIL (25-1,999 SF) HIGH RISK",1612,OASISTKOS,ACTIVE,PR0153146
DA17GGGZA,2015-10-15,LA CONVENTION CENTER,95,A,1,ROUTINE INSPECTION,EE0000633,1201 S FIGUEROA ST,LOS ANGELES,FA0156500,CA,90015,OW0121804,LEVY PREMIUM FOOD SERVICE LP,RESTAURANT (151 + ) SEATS HIGH RISK,1641,LA CONVENTION CENTER GALAXY RESTAURANT - LACC,ACTIVE,PR0143275
DA1FS3GZU,2017-09-06,OCEAN GROCERY MARKET,96,A,1,ROUTINE INSPECTION,EE0000997,2632 E CESAR E CHAVEZ AVE,LOS ANGELES,FA0245518,CA,90033-3006,OW0240557,GAZI SINCERE SERVICE LLC,"FOOD MKT RETAIL (25-1,999 SF) LOW RISK",1610,OCEAN GROCERY MARKET,ACTIVE,PR0193880
DAH9FUPBP,2017-01-31,NISSI BAKERY,90,A,1,ROUTINE INSPECTION,EE0001006,1900 BEVERLY BLVD # A,LOS ANGELES,FA0166417,CA,90057,OW0129565,PEDRO MARCELINO,RESTAURANT (0-30) SEATS MODERATE RISK,1631,NISSI BAKERY,INACTIVE,PR0156731
DAZQG8ANX,2017-06-02,AMIGOS,94,A,1,ROUTINE INSPECTION,EE0000923,5611 N FIGUEROA ST STE 3,LOS ANGELES,FA0245828,CA,90042,OW0240809,MOHAMMED ALI,"FOOD MKT RETAIL (25-1,999 SF) LOW RISK",1610,AMIGOS,ACTIVE,PR0194209
DA0U3GJSU,2017-10-30,EXCELLENT THAI CAFE,96,A,1,ROUTINE INSPECTION,EE0000721,1220 W 7TH ST,LOS ANGELES,FA0226209,CA,90017,OW0230377,PRAMOCH MUNGLAD,RESTAURANT (0-30) SEATS HIGH RISK,1632,EXCELLENT THAI CAFE,ACTIVE,PR0181529
DAERHLUYY,2015-07-28,GUI IL BUNJI,75,C,1,ROUTINE INSPECTION,EE0000946,3055 W 7TH ST STE C,LOS ANGELES,FA0016000,CA,90006,OW0025575,"NAM, KWANG B",RESTAURANT (61-150) SEATS HIGH RISK,1638,GUI IL BUNJI,INACTIVE,PR0006335
DAWXW7YJO,2017-03-28,LORENA PHARMACY,100,A,1,ROUTINE INSPECTION,EE0000997,3400 WHITTIER BLVD,LOS ANGELES,FA0022418,CA,90023,OW0003837,"BALL,DUDLEY & DONALD & ROGER","FOOD MKT RETAIL (25-1,999 SF) LOW RISK",1610,LORENA PHARMACY,ACTIVE,PR0030547
DAEQKPKDU,2016-05-31,LAGUNA MARKET - MEAT DEPT.,92,A,1,ROUTINE INSPECTION,EE0001006,2125 W 6TH ST,LOS ANGELES,FA0035200,CA,90057,OW0020331,LA CEIBA INC.,"FOOD MKT RETAIL (25-1,999 SF) HIGH RISK",1612,LAGUNA MARKET - MEAT DEPT.,ACTIVE,PR0031377
DAPQN3ROT,2017-06-27,SWEETGREEN,92,A,1,ROUTINE INSPECTION,EE0000727,11677 SAN VICENTE BLVD,LOS ANGELES,FA0244058,CA,90049,OW0180844,"SWEET GREEN LA, LLC",RESTAURANT (31-60) SEATS HIGH RISK,1635,SWEETGREEN,ACTIVE,PR0192324
DA6RA0YMJ,2015-11-04,SIMPLE,85,B,1,ROUTINE INSPECTION,EE0000531,3208 W 8TH ST,LOS ANGELES,FA0048564,CA,90005,OW0017622,"JIA ZEN, INC.",RESTAURANT (31-60) SEATS HIGH RISK,1635,SIMPLE,ACTIVE,PR0006446
DATX8GDUU,2017-08-30,BYBLOS,93,A,1,ROUTINE INSPECTION,EE0000924,1964 WESTWOOD BLVD STE #100,LOS ANGELES,FA0011492,CA,90025,OW0039141,WONDER NIGHT LLC,RESTAURANT (151 + ) SEATS HIGH RISK,1641,BYBLOS,ACTIVE,PR0031038
DAAX12HOH,2017-08-22,ALL ABOUT THE BREAD,94,A,1,ROUTINE INSPECTION,EE0000951,7111 MELROSE AVE # C,LOS ANGELES,FA0003321,CA,90046,OW0001179,7111 MELROSE LLC,RESTAURANT (0-30) SEATS MODERATE RISK,1631,ALL ABOUT THE BREAD,ACTIVE,PR0011336
DAWK232NF,2016-02-16,SANCHEZ MEAT MARKET,95,A,1,ROUTINE INSPECTION,EE0000707,4128 S WALL ST,LOS ANGELES,FA0046971,CA,90011,OW0031515,SANCHEZ MEAT MARKET INC,"FOOD MKT RETAIL (25-1,999 SF) HIGH RISK",1612,SANCHEZ MEAT MARKET,ACTIVE,PR0002365
DAKR2XV9T,2018-03-29,BACO MERCAT,98,A,1,ROUTINE INSPECTION,EE0000721,408 S MAIN ST,LOS ANGELES,FA0007784,CA,90013,OW0022942,"MAIN 168 PARTNERS, LP",RESTAURANT (61-150) SEATS HIGH RISK,1638,BACO MERCAT,ACTIVE,PR0038916
DABOFIKQL,2016-06-27,ALI HASAN,99,A,1,ROUTINE INSPECTION,EE0000162,623 N AVENUE 64,LOS ANGELES,FA0003310,CA,90042,OW0011039,ELWIR MOHAMMED,"FOOD MKT RETAIL (25-1,999 SF) LOW RISK",1610,ALI HASAN,ACTIVE,PR0015120
DATMU9FXO,2017-05-04,JINSOL GUKBAP,90,A,1,ROUTINE INSPECTION,EE0001003,4253 W 3RD ST,LOS ANGELES,FA0177785,CA,90020,OW0183683,JH HANGARI INC,RESTAURANT (0-30) SEATS HIGH RISK,1632,JINSOL GUKBAP,ACTIVE,PR0170849
DA4UUF8P0,2017-03-15,ORLEANS ANS YORKS FINE DELI,94,A,1,ROUTINE INSPECTION,EE0000006,4454 W SLAUSON AVE,LOS ANGELES,FA0027196,CA,90043,OW0027020,OTAMAN SAMI,RESTAURANT (0-30) SEATS HIGH RISK,1632,ORLEANS ANS YORKS FINE DELI,ACTIVE,PR0006109
DAQT9YISM,2018-03-28,LA ESPERANZA BAKERY,93,A,1,ROUTINE INSPECTION,EE0001073,252 W FLORENCE AVE,LOS ANGELES,FA0020653,CA,90003,OW0003284,ASTORGA - NEVAREZ JOSE S.,RESTAURANT (0-30) SEATS MODERATE RISK,1631,LA ESPERANZA BAKERY,ACTIVE,PR0037558
DAJVVJESN,2016-12-16,OLYMPIC COLLECTION BUFFET,97,A,1,ROUTINE INSPECTION,EE0000338,11301 W OLYMPIC BLVD STE 204,LOS ANGELES,FA0043137,CA,90064,OW0026741,OLYMPIC COLLECTION INC,RESTAURANT (151 + ) SEATS HIGH RISK,1641,OLYMPIC COLLECTION BUFFET,ACTIVE,PR0013726
DAX3GONFD,2018-03-19,YEN SUSHI & SAKE BAR,90,A,1,ROUTINE INSPECTION,EE0000727,9618 W PICO BLVD STE 509,LOS ANGELES,FA0055665,CA,90035,OW0023835,"MAYC CENTURY, INC.",RESTAURANT (61-150) SEATS HIGH RISK,1638,YEN SUSHI & SAKE BAR,ACTIVE,PR0040520
DATERW8EJ,2015-12-11,STK/BAGATELLE,90,A,1,ROUTINE INSPECTION,EE0000957,755 N LA CIENEGA BLVD,LOS ANGELES,FA0049644,CA,90069,OW0005262,"BRIDGE HOSPITALITY, LLC",RESTAURANT (151 + ) SEATS HIGH RISK,1641,STK/BAGATELLE,INACTIVE,PR0044195
DA43D5RLO,2017-01-09,HOLLYWOOD ROCK CAFE,80,B,1,ROUTINE INSPECTION,EE0000822,6511 HOLLYWOOD BLVD,LOS ANGELES,FA0164076,CA,90028,OW0127540,HOLLYWOOD ROCK CAFE LLC,RESTAURANT (0-30) SEATS MODERATE RISK,1631,HOLLYWOOD ROCK CAFE,INACTIVE,PR0152338
DATKE9ZEY,2016-01-19,MR BOBA,95,A,1,ROUTINE INSPECTION,EE0000869,3805 W 6TH ST,LOS ANGELES,FA0179880,CA,90020,OW0185360,MR BOBA INC,RESTAURANT (31-60) SEATS MODERATE RISK,1634,MR BOBA,INACTIVE,PR0173547
DATEZSINU,2015-09-08,RICKS DRIVE IN & OUT,90,A,1,ROUTINE INSPECTION,EE0000923,2400 FLETCHER DR,LOS ANGELES,FA0069539,CA,90039,OW0024399,"MICHAELS, JOHN",RESTAURANT (61-150) SEATS HIGH RISK,1638,RICKS DRIVE IN & OUT,ACTIVE,PR0022418
DAADMT6C3,2017-12-27,DONUT FACTORY,92,A,1,ROUTINE INSPECTION,EE0000923,2225 N SAN FERNANDO RD,LOS ANGELES,FA0061048,CA,90065,OW0016254,HONG LINA LIM,RESTAURANT (31-60) SEATS MODERATE RISK,1634,DONUT FACTORY,ACTIVE,PR0022711
DAUPHED5G,2016-10-20,CUSTOM HOTEL,97,A,1,ROUTINE INSPECTION,EE0000733,8639 LINCOLN BLVD,LOS ANGELES,FA0159215,CA,90045,OW0124236,"RAR, INC",RESTAURANT (31-60) SEATS HIGH RISK,1635,CUSTOM HOTEL-HANGAR 39,ACTIVE,PR0147277
DAK5HU1GT,2015-07-23,OO KOOK KOREAN BBQ STORAGE,75,C,1,ROUTINE INSPECTION,EE0000854,3385 W 8TH ST,LOS ANGELES,FA0067969,CA,90005,OW0026815,"OO KOOK BBQ, INC",RESTAURANT (151 + ) SEATS HIGH RISK,1641,OO KOOK KOREAN BBQ,ACTIVE,PR0018794
DAH8HMB04,2017-03-13,RESTAURANT AFSHAN CLASSIS,90,A,1,ROUTINE INSPECTION,EE0000721,106 W 9TH ST,LOS ANGELES,FA0045658,CA,90015,OW0003200,"ASHENA, FARAHNAZ",RESTAURANT (0-30) SEATS HIGH RISK,1632,RESTAURANT AFSHAN CLASSIS,ACTIVE,PR0038120
DAWXV9PUE,2017-01-17,MARCE MINI MART,93,A,1,ROUTINE INSPECTION,EE0000729,10032 S HOOVER ST,LOS ANGELES,FA0225472,CA,90044,OW0229734,ROSA I BELTRAN,"FOOD MKT RETAIL (25-1,999 SF) LOW RISK",1610,MARCE MINI MART,ACTIVE,PR0180794
DAFRCSFQN,2016-05-09,SHAKEYS PIZZA PARLOR #1,93,A,1,ROUTINE INSPECTION,EE0000822,7001 SANTA MONICA BLVD,LOS ANGELES,FA0070339,CA,90038,OW0031994,"SCO, LLC SHAKEY'S PIZZA",RESTAURANT (61-150) SEATS HIGH RISK,1638,SHAKEYS PIZZA PARLOR #1,ACTIVE,PR0017786
DA6ZGNHC0,2016-08-12,PACE,94,A,401,OWNER INITIATED ROUTINE INSPECT.,EE0000822,2100 LAUREL CANYON BLVD,LOS ANGELES,FA0043420,CA,90046,OW0031645,SANDRO CORPORATION,RESTAURANT (31-60) SEATS HIGH RISK,1635,PACE,ACTIVE,PR0003721
DA9CRBQZQ,2017-01-10,OK MARKET,92,A,1,ROUTINE INSPECTION,EE0000740,627 N MOTT ST,LOS ANGELES,FA0026986,CA,90033,OW0037461,"VELASCO, CAMILO","FOOD MKT RETAIL (25-1,999 SF) LOW RISK",1610,OK MARKET,ACTIVE,PR0005087
DAZQ44ZHY,2016-02-19,STIR CRAZY COFFEE HOUSE,96,A,1,ROUTINE INSPECTION,EE0000951,6903 MELROSE AVE,LOS ANGELES,FA0049638,CA,90038,OW0036580,"TRUCCO, DEAN A",RESTAURANT (31-60) SEATS MODERATE RISK,1634,STIR CRAZY COFFEE HOUSE,ACTIVE,PR0028019
DASZVY0TV,2015-08-05,KIKKA @ WHOLE FOODS WESTWOOD,96,A,1,ROUTINE INSPECTION,EE0000911,1050 GAYLEY AVE,LOS ANGELES,FA0032299,CA,90024,OW0017151,"ITO, INC.","FOOD MKT RETAIL (25-1,999 SF) HIGH RISK",1612,KIKKA-WHOLE FOODS MARKET #27,ACTIVE,PR0037739
DAJGKJUKE,2016-06-07,YUM YUM DONUTS #9235 STORAGE,91,A,1,ROUTINE INSPECTION,EE0000828,700 N VINE ST,LOS ANGELES,FA0041814,CA,90038,OW0023350,MARIA P. MANRIQUEZ-CHAVEZ,RESTAURANT (0-30) SEATS MODERATE RISK,1631,YUM YUM DONUTS FRANCHISE,ACTIVE,PR0021423
DAFV3G1PQ,2018-01-23,BLOCK PARTY,96,A,1,ROUTINE INSPECTION,EE0000162,5052 YORK BLVD,LOS ANGELES,FA0176891,CA,90042,OW0182885,"BLOCK PARTY HIGHLAND PARK, LLC",RESTAURANT (0-30) SEATS LOW RISK,1630,BLOCK PARTY,ACTIVE,PR0169813
DAAZEJORN,2015-11-06,FIX COFFEE,98,A,1,ROUTINE INSPECTION,EE0000923,2100 ECHO PARK AVE,LOS ANGELES,FA0062112,CA,90026,OW0011918,FIX COFFEE LLC,RESTAURANT (31-60) SEATS MODERATE RISK,1634,FIX COFFEE,INACTIVE,PR0016777
DA0QV6K25,2015-10-02,CHEVRON 55944,95,A,1,ROUTINE INSPECTION,EE0000629,11951 W OLYMPIC BLVD,LOS ANGELES,FA0059613,CA,90064,OW0028894,"POULDAR, BOURIS","FOOD MKT RETAIL (25-1,999 SF) MODERATE RISK",1611,CHEVRON 55944,ACTIVE,PR0042579
DA6QEYADY,2017-07-28,MAMA HONG'S VIETNAMESE KITCHEN,90,A,1,ROUTINE INSPECTION,EE0000727,11819 WILSHIRE BLVD STE 106B,LOS ANGELES,FA0163108,CA,90025,OW0126778,"MAMA'S BOYS RESTAURANTS, INC.",RESTAURANT (61-150) SEATS HIGH RISK,1638,MAMA HONG'S VIETNAMESE KITCHEN,ACTIVE,PR0151283
DAL9QKQYF,2016-08-10,POPEYE DUMPLING AND NOODLES,90,A,1,ROUTINE INSPECTION,EE0000531,709 S VERMONT AVE,LOS ANGELES,FA0139085,CA,90005,OW0102345,"CCC GALBI, INC",RESTAURANT (0-30) SEATS HIGH RISK,1632,POPEYE DUMPLING AND NOODLES,INACTIVE,PR0123466
DA6TFCWEK,2017-03-15,LOUIS JUNIOR,87,B,1,ROUTINE INSPECTION,EE0001073,601 E CENTURY BLVD,LOS ANGELES,FA0022896,CA,90002,OW0022327,LOUIS JR. INC.,RESTAURANT (0-30) SEATS HIGH RISK,1632,LOUIS JUNIOR,INACTIVE,PR0040285
DAHTD877P,2016-05-18,EDIBLE ARRANGEMENTS - 250,97,A,1,ROUTINE INSPECTION,EE0000951,8453 BEVERLY BLVD,LOS ANGELES,FA0202831,CA,90048,OW0180446,CHOUDHRY EMPIRE INC,"FOOD MKT RETAIL (25-1,999 SF) MODERATE RISK",1611,EDIBLE ARRANGEMENTS - 250,ACTIVE,PR0175122
DAZTVYQPB,2017-11-03,CINEMARK,97,A,1,ROUTINE INSPECTION,EE0000955,6081 CENTER DR STE 201,LOS ANGELES,FA0036978,CA,90045,OW0099810,"CINEMARK USA, INC.",RESTAURANT (0-30) SEATS LOW RISK,1630,CINEMARK UPPER SATELLITE CONCESSION,ACTIVE,PR0014171
DAQPWOHIA,2016-01-14,TACO BELL,88,B,1,ROUTINE INSPECTION,EE0000911,10937 WEYBURN AVE,LOS ANGELES,FA0050188,CA,90024,OW0027154,PACIFIC COAST TACO INC,RESTAURANT (31-60) SEATS MODERATE RISK,1634,TACO BELL,ACTIVE,PR0003738
DAGCWWLN2,2017-12-04,SUPERIOR GROCERS #113,90,A,1,ROUTINE INSPECTION,EE0000557,3600 E CESAR E CHAVEZ AVE,LOS ANGELES,FA0049848,CA,90063,OW0034460,"SUPER CENTER CONCEPTS, INC","FOOD MKT RETAIL (2,000+ SF) HIGH RISK",1615,SUPERIOR GROCERS #113 MEAT,ACTIVE,PR0017004
DAUOA7RWS,2017-07-20,THE CARVING BOARD,94,A,1,ROUTINE INSPECTION,EE0000144,11676 GATEWAY BLVD,LOS ANGELES,FA0167867,CA,90064,OW0035493,THE CARVING BOARD LLC,RESTAURANT (31-60) SEATS HIGH RISK,1635,THE CARVING BOARD,ACTIVE,PR0158288
DAAYPPOQI,2017-04-12,EL RANCHON,93,A,1,ROUTINE INSPECTION,EE0000800,3564 S NORMANDIE AVE,LOS ANGELES,FA0021439,CA,90007,OW0031774,"SANTOS, ALEJANDRO",RESTAURANT (0-30) SEATS MODERATE RISK,1631,EL RANCHON,ACTIVE,PR0029155
DASLXGID0,2018-02-16,STONE BAKERY/MARKET,96,A,1,ROUTINE INSPECTION,EE0000729,6700 S CRENSHAW BLVD,LOS ANGELES,FA0049647,CA,90043,OW0033240,"SMITH, ASTON","FOOD MKT RETAIL (25-1,999 SF) HIGH RISK",1612,STONE BAKERY/MARKET,ACTIVE,PR0010701
DAN0CTZJH,2017-06-26,GREEN HOUSE,93,A,1,ROUTINE INSPECTION,EE0000740,1100 S SAN PEDRO ST # N1,LOS ANGELES,FA0026662,CA,90015,OW0019245,"KIM, EUN H",RESTAURANT (0-30) SEATS MODERATE RISK,1631,GREEN HOUSE,ACTIVE,PR0034617
DAZKVQGKL,2017-09-20,LUPE'S LUNCH ROOM RESTAURANT,91,A,1,ROUTINE INSPECTION,EE0000366,1198 MIRASOL ST,LOS ANGELES,FA0037636,CA,90023,OW0040166,"ZARGOZA, JULIAN ET AL",RESTAURANT (0-30) SEATS HIGH RISK,1632,LUPE'S LUNCH ROOM RESTAURANT,ACTIVE,PR0021476
DAMPH24VE,2016-07-06,SKY BAR,97,A,1,ROUTINE INSPECTION,EE0000721,545 S FIGUEROA ST,LOS ANGELES,FA0033346,CA,90071,OW0008390,"CLUB,JONATHAN",RESTAURANT (61-150) SEATS MODERATE RISK,1637,SKY BAR,ACTIVE,PR0018990
DAGIAY0DK,2015-10-06,USC GALEN CENTER,97,A,1,ROUTINE INSPECTION,EE0000122,3400 S FIGUEROA ST,LOS ANGELES,FA0024368,CA,90089,OW0002904,ARAMARK HIGHER EDUCATION,RESTAURANT (0-30) SEATS MODERATE RISK,1631,GALEN CENTER FOUNDERS CLUB,ACTIVE,PR0018095
DAIP7J6BV,2015-09-24,DODGER STADIUM,98,A,1,ROUTINE INSPECTION,EE0000122,1000 VIN SCULLY AVE,LOS ANGELES,FA0019271,CA,90012,OW0021606,LEVY PREMIUM FOOD SERVICE LP,RESTAURANT (0-30) SEATS MODERATE RISK,1631,#751 DODGER DOG TRADITIONAL,ACTIVE,PR0001290
DAWLWMGBW,2017-01-18,PAT & LORRAINEIS COFFEE SHOP,96,A,1,ROUTINE INSPECTION,EE0000746,4720 EAGLE ROCK BLVD,LOS ANGELES,FA0044045,CA,90041,OW0030528,"RODRIGUEZ, JUAN",RESTAURANT (31-60) SEATS HIGH RISK,1635,PAT & LORRAINEIS COFFEE SHOP,ACTIVE,PR0027299
DADBV07N5,2015-08-28,THE VEGGIE GRILL,94,A,1,ROUTINE INSPECTION,EE0000709,6374 W SUNSET BLVD STE #A,LOS ANGELES,FA0037704,CA,90028,OW0035777,"THE VEGGIE GRILL, INC.",RESTAURANT (61-150) SEATS HIGH RISK,1638,THE VEGGIE GRILL,ACTIVE,PR0038769
DAZFLQM7T,2017-11-28,TRIPLE 8 RESTAURANT,80,B,1,ROUTINE INSPECTION,EE0000122,800 W OLYMPIC BLVD # 120,LOS ANGELES,FA0174143,CA,90015,OW0180848,TRIPLE 8 REST. LLC,RESTAURANT (61-150) SEATS HIGH RISK,1638,TRIPLE 8 RESTAURANT,ACTIVE,PR0167012
DA0LT7D8E,2017-02-02,CHUY'S MARKET,94,A,1,ROUTINE INSPECTION,EE0000557,4145 E MICHIGAN AVE,LOS ANGELES,FA0163483,CA,90063,OW0022124,LOPEZ JESUS ARCEO,"FOOD MKT RETAIL (25-1,999 SF) LOW RISK",1610,CHUY'S MARKET,ACTIVE,PR0151701
DAZQUN6EQ,2016-01-29,WATTS COFFEE HOUSE,95,A,1,ROUTINE INSPECTION,EE0000195,1827 E 103RD ST,LOS ANGELES,FA0040463,CA,90002,OW0038506,"WATTS HEALTH SYSTEMS, INC.",RESTAURANT (31-60) SEATS HIGH RISK,1635,WATTS COFFEE HOUSE,ACTIVE,PR0026040
DAZYQ72LW,2017-08-30,DENNY'S RESTAURANT #2125,92,A,1,ROUTINE INSPECTION,EE0000923,3060 N SAN FERNANDO RD,LOS ANGELES,FA0060791,CA,90065,OW0009769,DENNY'S INC,RESTAURANT (151 + ) SEATS HIGH RISK,1641,DENNY'S RESTAURANT #2125,ACTIVE,PR0037296
DATQQ0QA0,2016-08-10,TRIMANA,90,A,1,ROUTINE INSPECTION,EE0000375,1900 AVENUE OF THE STARS STE A100,LOS ANGELES,FA0177415,CA,90067,OW0183342,MARTIN CHO,RESTAURANT (31-60) SEATS MODERATE RISK,1634,TRIMANA,ACTIVE,PR0170410
DAYPKQLK2,2016-10-18,IN-N-OUT BURGER #119,98,A,1,ROUTINE INSPECTION,EE0000911,922 GAYLEY AVE,LOS ANGELES,FA0017989,CA,90024,OW0016998,"IN-N-OUT BURGERS, INC.",RESTAURANT (61-150) SEATS MODERATE RISK,1637,IN N OUT BURGER #119,ACTIVE,PR0029696
DA0KP420J,2016-03-22,MCCALL'S MEAT & FISH CO,97,A,1,ROUTINE INSPECTION,EE0000846,2117 HILLHURST AVE,LOS ANGELES,FA0038316,CA,90027,OW0020671,"L'AMI RESTAURANT, LLC","FOOD MKT RETAIL (25-1,999 SF) HIGH RISK",1612,MCCALL'S MEAT & FISH CO,ACTIVE,PR0027097
DA3MTF1Q2,2016-03-21,SSCM MARKET,92,A,1,ROUTINE INSPECTION,EE0000799,6021 COMPTON AVE,LOS ANGELES,FA0177194,CA,90001,OW0183152,MARITZA QUADALUPE MEJIA,"FOOD MKT RETAIL (25-1,999 SF) HIGH RISK",1612,SSCM MARKET,ACTIVE,PR0170157
DAEF6HXMZ,2017-06-27,CAVA MEZZE GRILL,90,A,1,ROUTINE INSPECTION,EE0000911,1073 BROXTON AVE,LOS ANGELES,FA0245691,CA,90024,OW0239351,CAVA MEZZE GRILL LLC,RESTAURANT (31-60) SEATS HIGH RISK,1635,CAVA MEZZE GRILL,ACTIVE,PR0194063
DANTDIERN,2016-02-12,DON PEDRO'S PALENQUE,98,A,1,ROUTINE INSPECTION,EE0000740,4501 HUNTINGTON DR N,LOS ANGELES,FA0157974,CA,90032,OW0123080,ROSA PENTERIA,RESTAURANT (31-60) SEATS HIGH RISK,1635,DON PEDRO'S PALENQUE,ACTIVE,PR0146070
DAZIN5FQ6,2017-04-13,IMPERIAL CHOPSTICKS,93,A,1,ROUTINE INSPECTION,EE0000846,1549 N VERMONT AVE,LOS ANGELES,FA0242612,CA,90027,OW0238202,IMPERIAL CHOPSTICKS,RESTAURANT (0-30) SEATS HIGH RISK,1632,IMPERIAL CHOPSTICKS,ACTIVE,PR0190804
DADGFIOOS,2018-02-02,PAILIN THAI CUISINE,96,A,1,ROUTINE INSPECTION,EE0000857,5621 HOLLYWOOD BLVD,LOS ANGELES,FA0043473,CA,90028,OW0023444,"MARKKERN, CHIRAWAT",RESTAURANT (0-30) SEATS HIGH RISK,1632,PAILIN THAI CUISINE,ACTIVE,PR0001644
DAVVK5VMT,2017-01-24,FLORENCE GAS MART INC,98,A,1,ROUTINE INSPECTION,EE0001025,303 W FLORENCE AVE,LOS ANGELES,FA0174643,CA,90003,OW0181284,FLORENCE GAS MART INC,"FOOD MKT RETAIL (25-1,999 SF) LOW RISK",1610,FLORENCE GAS MART INC,ACTIVE,PR0167672
DAXZFDA7H,2016-01-12,LITTLE ETHIOPIA RESTAURANT,92,A,1,ROUTINE INSPECTION,EE0000853,1048 S FAIRFAX AVE,LOS ANGELES,FA0022252,CA,90019,OW0036638,TSEDAL NOEL INC,RESTAURANT (31-60) SEATS HIGH RISK,1635,LITTLE ETHIOPIA RESTAURANT,ACTIVE,PR0025086
DADXYKFDG,2016-05-17,WOLFGANG PUCK EXPRESS,96,A,1,ROUTINE INSPECTION,EE0000117,308 WESTWOOD PLZ # 1390L,LOS ANGELES,FA0138414,CA,90024,OW0101772,UCLAWP LLC,RESTAURANT (151 + ) SEATS HIGH RISK,1641,WOLFGANG PUCK EXPRESS,ACTIVE,PR0122727
DAOLSATVU,2016-05-14,YOSHINOYA #1219,94,A,1,ROUTINE INSPECTION,EE0000884,642 S ALVARADO ST,LOS ANGELES,FA0055756,CA,90057,OW0101581,"YOSHINOYA AMERICA, INC.",RESTAURANT (31-60) SEATS MODERATE RISK,1634,YOSHINOYA BEEF BOWL,ACTIVE,PR0028245
DATBVL4LF,2016-07-01,CANTER'S DELI,92,A,1,ROUTINE INSPECTION,EE0000951,419 N FAIRFAX AVE,LOS ANGELES,FA0059112,CA,90036,OW0006057,CANTERS INC,"FOOD MKT RETAIL (25-1,999 SF) HIGH RISK",1612,CANTER'S DELI,ACTIVE,PR0044261
DARBXBOQJ,2016-05-27,FLAME BROILER TRBK #80,96,A,1,ROUTINE INSPECTION,EE0000733,8730 1/4 S SEPULVEDA BLVD,LOS ANGELES,FA0023270,CA,90045,OW0036921,UNITED VJ INC.,RESTAURANT (0-30) SEATS HIGH RISK,1632,FLAME BROILER TRBK #80,ACTIVE,PR0002002
DAAO1CPVT,2016-09-08,ICHIBAN OF TOKYO,92,A,1,ROUTINE INSPECTION,EE0001058,201 N LOS ANGELES ST STE 106,LOS ANGELES,FA0063821,CA,90012,OW0019494,"KIM, SUSAN JONGSUN",RESTAURANT (0-30) SEATS HIGH RISK,1632,ICHIBAN OF TOKYO,ACTIVE,PR0015815
DA21EKKC5,2015-10-30,HOTEL SOFITEL L A RESTAURANT,90,A,401,OWNER INITIATED ROUTINE INSPECT.,EE0000957,8555 W BEVERLY BLVD,LOS ANGELES,FA0063714,CA,90048,OW0022271,LOS ANGELES MAISON INC,RESTAURANT (151 + ) SEATS HIGH RISK,1641,HOTEL SOFITEL L A RESTAURANT,ACTIVE,PR0010977
DAO8YGAGY,2016-09-06,USC GALEN CENTER,99,A,1,ROUTINE INSPECTION,EE0000122,3400 S FIGUEROA ST,LOS ANGELES,FA0024368,CA,90089,OW0002904,ARAMARK HIGHER EDUCATION,RESTAURANT (0-30) SEATS MODERATE RISK,1631,GALEN CENTER-EVENT GRILL,ACTIVE,PR0026107
DAVPD2WXO,2016-02-09,DEL REY LIQUOR,98,A,1,ROUTINE INSPECTION,EE0001064,8503 S VERMONT AVE,LOS ANGELES,FA0167157,CA,90044-3425,OW0100369,GIFTII SHIFERAW JATE,"FOOD MKT RETAIL (25-1,999 SF) LOW RISK",1610,DEL REY LIQUOR,ACTIVE,PR0157507
DABMRGAUM,2016-05-16,TACOS EL UNICO,91,A,1,ROUTINE INSPECTION,EE0000729,6650 S CRENSHAW BLVD,LOS ANGELES,FA0036147,CA,90018,OW0031601,"SANCHEZ, MANUEL E",RESTAURANT (0-30) SEATS MODERATE RISK,1631,TACOS EL UNICO,ACTIVE,PR0009197
DA00ATT2D,2016-10-06,FIVE STAR CHINESE FOOD,97,A,1,ROUTINE INSPECTION,EE0000740,2706 N BROADWAY,LOS ANGELES,FA0062108,CA,90031,OW0007348,CHEN YANZHEN,RESTAURANT (0-30) SEATS HIGH RISK,1632,FIVE STAR CHINESE FOOD,ACTIVE,PR0012755
DAZVZSMH3,2017-10-30,SOUPLANTATION,97,A,1,ROUTINE INSPECTION,EE0000727,11911 SAN VICENTE BLVD STE 116,LOS ANGELES,FA0245109,CA,90049,OW0240226,"GARDEN FRESH RESTAURANTS, LLC",RESTAURANT (151 + ) SEATS HIGH RISK,1641,SOUPLANTATION,ACTIVE,PR0193485
DA7XYDTWV,2017-09-26,LUPE'S TACO STAND,93,A,1,ROUTINE INSPECTION,EE0001049,4642 E 3RD ST,LOS ANGELES,FA0037638,CA,90022,OW0006269,"CARRILLO, JOHN ANTHONY",RESTAURANT (0-30) SEATS HIGH RISK,1632,LUPE'S TACO STAND,ACTIVE,PR0035581
DAHZWAM9W,2015-12-01,EL RINCON DE LAS DELICIAS,95,A,1,ROUTINE INSPECTION,EE0001025,5810 S NORMANDIE AVE STE #1B,LOS ANGELES,FA0012633,CA,90044,OW0026880,"ORELLANA, MARIA SALOME",RESTAURANT (0-30) SEATS HIGH RISK,1632,EL RINCON DE LAS DELICIAS,INACTIVE,PR0000117
DAM6G6UTH,2016-05-31,CARNICERIA LA OAXAQUENA,91,A,1,ROUTINE INSPECTION,EE0000854,3701 W PICO BLVD,LOS ANGELES,FA0013280,CA,90019,OW0006224,"CARNICERIA LA OAXAQUENA, INC",RESTAURANT (0-30) SEATS HIGH RISK,1632,CARNICERIA LA OAXAQUENA,ACTIVE,PR0021738
DA04JN3OX,2016-11-18,FRANKLIN 76,94,A,1,ROUTINE INSPECTION,EE0000697,6051 FRANKLIN AVE,LOS ANGELES,FA0062291,CA,90028,OW0039975,YRT INC,"FOOD MKT RETAIL (25-1,999 SF) LOW RISK",1610,FRANKLIN 76,ACTIVE,PR0038909
DA0861139,2017-05-26,99 CENTS ONLY STORE #0375,99,A,1,ROUTINE INSPECTION,EE0000955,6921 LA TIJERA BLVD,LOS ANGELES,FA0138249,CA,90045,OW0001414,"99 CENT ONLY STORES, LLC","FOOD MKT RETAIL (25-1,999 SF) LOW RISK",1610,99 CENTS ONLY STORES #0375,ACTIVE,PR0122526
DAMRDIXCE,2016-02-25,MOJO,91,A,1,ROUTINE INSPECTION,EE0000951,8051 BEVERLY BLVD,LOS ANGELES,FA0138412,CA,90048,OW0101770,"JOHNSON & SHADLE, LLC.",RESTAURANT (0-30) SEATS MODERATE RISK,1631,MOJO,ACTIVE,PR0122725
DABFMFDH3,2017-05-10,TAVERN,94,A,1,ROUTINE INSPECTION,EE0000727,11648 SAN VICENTE BLVD,LOS ANGELES,FA0036590,CA,90049,OW0034151,"SUCAR, INC.",RESTAURANT (151 + ) SEATS HIGH RISK,1641,TAVERN,ACTIVE,PR0015696
DA0FNTTNN,2016-01-25,DON LENCHO,90,A,1,ROUTINE INSPECTION,EE0000729,6119 S NORMANDIE AVE,LOS ANGELES,FA0019520,CA,90044,OW0006623,"CEBALLOS, PAULA",RESTAURANT (0-30) SEATS HIGH RISK,1632,DON LENCHO,ACTIVE,PR0015178
DABSCQM5B,2015-09-15,PHORAGE,92,A,1,ROUTINE INSPECTION,EE0000015,3300 OVERLAND AVE STE 105,LOS ANGELES,FA0068050,CA,90034,OW0100101,"CHEUNG, PERRY",RESTAURANT (31-60) SEATS HIGH RISK,1635,,ACTIVE,PR0048044
DANYAXWN1,2016-02-12,HARRIS MARKET,97,A,1,ROUTINE INSPECTION,EE0000195,10624 JUNIPER ST,LOS ANGELES,FA0027836,CA,90002,OW0032589,"SHIELDS, BEVERLY L","FOOD MKT RETAIL (25-1,999 SF) HIGH RISK",1612,HARRIS MARKET,INACTIVE,PR0035788
DAJKOQTOO,2016-05-11,WESTIN LAKEVIEW BISTRO,93,A,1,ROUTINE INSPECTION,EE0000721,404 S FIGUEROA ST LBBY LOBBY,LOS ANGELES,FA0073897,CA,90071,OW0016394,HOTEL BONAVENTURE LTD PARTNE,RESTAURANT (151 + ) SEATS HIGH RISK,1641,WESTIN LAKEVIEW BISTRO,ACTIVE,PR0022795
DASJI4LUR,2017-12-29,STREET CHURROS,93,A,1,ROUTINE INSPECTION,EE0000835,6801 HOLLYWOOD BLVD # 253,LOS ANGELES,FA0224109,CA,90028,OW0228670,"STREETCHURROS, INC",RESTAURANT (0-30) SEATS LOW RISK,1630,STREET CHURROS,ACTIVE,PR0179282
DAN8ZCKX0,2016-12-01,STREET CHURROS,91,A,1,ROUTINE INSPECTION,EE0000835,6801 HOLLYWOOD BLVD # 253,LOS ANGELES,FA0224109,CA,90028,OW0228670,"STREETCHURROS, INC",RESTAURANT (0-30) SEATS LOW RISK,1630,STREET CHURROS,ACTIVE,PR0179282
DAMRHB5OS,2016-06-16,STREET CHURROS,94,A,1,ROUTINE INSPECTION,EE0000835,6801 HOLLYWOOD BLVD # 253,LOS ANGELES,FA0224109,CA,90028,OW0228670,"STREETCHURROS, INC",RESTAURANT (0-30) SEATS LOW RISK,1630,STREET CHURROS,ACTIVE,PR0179282
DAJ00E07B,2017-12-29,HABITAT COFFEE SHOP,95,A,1,ROUTINE INSPECTION,EE0000923,3708 N EAGLE ROCK BLVD,LOS ANGELES,FA0170465,CA,90065,OW0178123,GLASSELL COFFEE SHOP LLC,RESTAURANT (0-30) SEATS MODERATE RISK,1631,HABITAT COFFEE SHOP,ACTIVE,PR0160774
DAA0AJ0WC,2016-07-12,STARBUCKS COFFEE,90,A,1,ROUTINE INSPECTION,EE0000633,300 WORLD WAY,LOS ANGELES,FA0049341,CA,90045,OW0016382,HOST INTERNATIONAL INC,RESTAURANT (31-60) SEATS LOW RISK,1633,STARBUCKS COFFEE,INACTIVE,PR0007377
DA0UEVGFC,2017-05-09,HABITAT COFFEE SHOP,98,A,1,ROUTINE INSPECTION,EE0000923,3708 N EAGLE ROCK BLVD,LOS ANGELES,FA0170465,CA,90065,OW0178123,GLASSELL COFFEE SHOP LLC,RESTAURANT (0-30) SEATS MODERATE RISK,1631,HABITAT COFFEE SHOP,ACTIVE,PR0160774
DAPBHJLLF,2016-07-05,HABITAT COFFEE SHOP,95,A,1,ROUTINE INSPECTION,EE0000923,3708 N EAGLE ROCK BLVD,LOS ANGELES,FA0170465,CA,90065,OW0178123,GLASSELL COFFEE SHOP LLC,RESTAURANT (0-30) SEATS MODERATE RISK,1631,HABITAT COFFEE SHOP,ACTIVE,PR0160774
DACSKA8GC,2016-03-22,HABITAT COFFEE SHOP,95,A,1,ROUTINE INSPECTION,EE0000923,3708 N EAGLE ROCK BLVD,LOS ANGELES,FA0170465,CA,90065,OW0178123,GLASSELL COFFEE SHOP LLC,RESTAURANT (0-30) SEATS MODERATE RISK,1631,HABITAT COFFEE SHOP,ACTIVE,PR0160774
DAWPRXR8D,2016-01-11,HABITAT COFFEE SHOP,97,A,1,ROUTINE INSPECTION,EE0000923,3708 N EAGLE ROCK BLVD,LOS ANGELES,FA0170465,CA,90065,OW0178123,GLASSELL COFFEE SHOP LLC,RESTAURANT (0-30) SEATS MODERATE RISK,1631,HABITAT COFFEE SHOP,ACTIVE,PR0160774
DAYDBCC06,2017-02-01,GUATEMALTECA BAKERY,99,A,1,ROUTINE INSPECTION,EE0001003,4032 BEVERLY BLVD,LOS ANGELES,FA0171210,CA,90004,OW0130817,DANNY'S BAKERY INC,"FOOD MKT RETAIL (25-1,999 SF) LOW RISK",1610,GUATEMALTECA BAKERY,ACTIVE,PR0161058
DAUPRAYTL,2016-02-02,GUATEMALTECA BAKERY,97,A,1,ROUTINE INSPECTION,EE0001003,4032 BEVERLY BLVD,LOS ANGELES,FA0171210,CA,90004,OW0130817,DANNY'S BAKERY INC,"FOOD MKT RETAIL (25-1,999 SF) LOW RISK",1610,GUATEMALTECA BAKERY,ACTIVE,PR0161058
DAQOADCKZ,2016-01-06,BIBIGO-REMOTE STORAGE,100,A,1,ROUTINE INSPECTION,EE0000375,10250 SANTA MONICA BLVD SECIO,LOS ANGELES,FA0009488,CA,90067,OW0008289,CJ BAKERY INC.,RESTAURANT (0-30) SEATS LOW RISK,1630,BIBIGO-REMOTE STORAGE,INACTIVE,PR0032144
DABOL45AK,2018-03-02,GUATEMALTECA BAKERY,99,A,1,ROUTINE INSPECTION,EE0001003,4032 BEVERLY BLVD,LOS ANGELES,FA0171210,CA,90004,OW0130817,DANNY'S BAKERY INC,"FOOD MKT RETAIL (25-1,999 SF) LOW RISK",1610,GUATEMALTECA BAKERY,ACTIVE,PR0161058
DAIFC4FA9,2016-03-15,ISLAND PACIFIC SUPERMARKET,88,B,1,ROUTINE INSPECTION,EE0000893,627 N VERMONT AVE,LOS ANGELES,FA0030371,CA,90004,OW0017118,ISLAND PACIFIC ENTERPRISES,"FOOD MKT RETAIL (2,000+ SF) HIGH RISK",1615,ISLAND PACIFIC SUPERMARKET,ACTIVE,PR0006907
DATT3BKHN,2016-04-18,LATINO MARKET,85,B,1,ROUTINE INSPECTION,EE0000884,2168 VENICE BLVD,LOS ANGELES,FA0035449,CA,90006,OW0010077,"DIMAS, JUAN MARTINEZ","FOOD MKT RETAIL (2,000+ SF) HIGH RISK",1615,LATINO MARKET,ACTIVE,PR0012291
DAPRCSTBQ,2018-02-07,PICK-UP STIX,92,A,401,OWNER INITIATED ROUTINE INSPECT.,EE0000633,200 WORLD WAY T236,LOS ANGELES,FA0174394,CA,90045,OW0009036,"CREWS OF CALIFORNIA, INC",RESTAURANT (31-60) SEATS HIGH RISK,1635,PICK-UP STIX,ACTIVE,PR0167293
DAHSKDI2K,2016-01-20,FOOD AND BOUNTY,95,A,1,ROUTINE INSPECTION,EE0000122,400 WORLD WAY,LOS ANGELES,FA0165596,CA,90045,OW0016382,HOST INTERNATIONAL INC,RESTAURANT (0-30) SEATS HIGH RISK,1632,FOOD AND BOUNTY,ACTIVE,PR0153924
DA9H2YS24,2016-01-08,LITTLE SAN SALVADOR REST,83,B,401,OWNER INITIATED ROUTINE INSPECT.,EE0000912,901 N WESTERN AVE STE #3,LOS ANGELES,FA0035366,CA,90029,OW0024423,MICROSELF INC. ANA RAMOS PRE,RESTAURANT (151 + ) SEATS HIGH RISK,1641,LITTLE SAN SALVADOR REST,ACTIVE,PR0035020
DA0NJNGFD,2017-08-04,BROOKLYN PIZZA AND PASTA,72,C,1,ROUTINE INSPECTION,EE0000727,9228 W PICO BLVD,LOS ANGELES,FA0011004,CA,90035,OW0017537,JELLY FISH INC,RESTAURANT (31-60) SEATS MODERATE RISK,1634,BROOKLYN PIZZA AND PASTA,INACTIVE,PR0002718
DAFIHYFQZ,2015-08-21,CALIFORNIA MEXICAN GRILL,90,A,1,ROUTINE INSPECTION,EE0000338,11106 W OLYMPIC BLVD,LOS ANGELES,FA0012521,CA,90064,OW0005900,"CAMACHO, OSCAR FLORES",RESTAURANT (0-30) SEATS HIGH RISK,1632,CALIFORNIA MEXICAN GRILL,ACTIVE,PR0034895
DAHIFMWFU,2018-02-15,UMAMI BURGER,88,B,1,ROUTINE INSPECTION,EE0000633,380 WORLD WAY T30,LOS ANGELES,FA0138169,CA,90045,OW0016382,HOST INTERNATIONAL INC,RESTAURANT (31-60) SEATS HIGH RISK,1635,UMAMI BURGER,ACTIVE,PR0122413
DA54I3KEF,2017-03-01,FRANCOISA BAKERY,72,C,1,ROUTINE INSPECTION,EE0000740,1015 S WALL ST STE #117,LOS ANGELES,FA0062283,CA,90015,OW0003214,ASHLIAN INC,RESTAURANT (0-30) SEATS MODERATE RISK,1631,FRANCOISA BAKERY,ACTIVE,PR0042947
DAMXPYFZT,2016-07-06,RANCHO ZAPOTILLO ( MEAT MARK,90,A,1,ROUTINE INSPECTION,EE0000557,3003 WABASH AVE,LOS ANGELES,FA0030028,CA,90063,OW0022194,"LOPEZ, MARICELA","FOOD MKT RETAIL (25-1,999 SF) HIGH RISK",1612,RANCHO ZAPOTILLO ( MEAT MARK,ACTIVE,PR0034266
DA00H28DI,2016-01-27,LEMONADE,93,A,401,OWNER INITIATED ROUTINE INSPECT.,EE0000122,500 WORLD WAY #5A,LOS ANGELES,FA0065653,CA,90045,OW0009036,"CREWS OF CALIFORNIA, INC",RESTAURANT (61-150) SEATS HIGH RISK,1638,LEMONADE,ACTIVE,PR0009104
DALDTBB1M,2015-09-22,STARBUCKS EVENING,93,A,1,ROUTINE INSPECTION,EE0000633,380 WORLD WAY T61,LOS ANGELES,FA0138170,CA,90045,OW0016382,HOST INTERNATIONAL INC,RESTAURANT (31-60) SEATS LOW RISK,1633,STARBUCKS EVENING,ACTIVE,PR0122414
DAN6Q8560,2018-02-23,UMAMI BURGER,95,A,401,OWNER INITIATED ROUTINE INSPECT.,EE0000633,380 WORLD WAY T30,LOS ANGELES,FA0138169,CA,90045,OW0016382,HOST INTERNATIONAL INC,RESTAURANT (31-60) SEATS HIGH RISK,1635,UMAMI BURGER,ACTIVE,PR0122413
DA3YKNNH7,2016-06-20,KAJU UDON,86,B,1,ROUTINE INSPECTION,EE0000722,4317 W BEVERLY BLVD,LOS ANGELES,FA0019591,CA,90004,OW0004583,BEVERLY WORLD INDUSTRIES INC,RESTAURANT (0-30) SEATS HIGH RISK,1632,KAJU UDON,INACTIVE,PR0011187
DA0D3CGLI,2016-03-02,SIMPLE,73,C,1,ROUTINE INSPECTION,EE0000531,3208 W 8TH ST,LOS ANGELES,FA0048564,CA,90005,OW0017622,"JIA ZEN, INC.",RESTAURANT (31-60) SEATS HIGH RISK,1635,SIMPLE,ACTIVE,PR0006446
DAWVLBRHF,2016-01-13,CHINESE HOUSE HAOCHI,90,A,1,ROUTINE INSPECTION,EE0000699,3280 W 6TH ST,LOS ANGELES,FA0014861,CA,90020,OW0021348,"LEE, SANG WOO",RESTAURANT (0-30) SEATS HIGH RISK,1632,CHINESE HOUSE HAOCHI,ACTIVE,PR0005242
DAH0MH5XB,2015-08-31,KAJU UDON,73,C,1,ROUTINE INSPECTION,EE0000722,4317 W BEVERLY BLVD,LOS ANGELES,FA0019591,CA,90004,OW0004583,BEVERLY WORLD INDUSTRIES INC,RESTAURANT (0-30) SEATS HIGH RISK,1632,KAJU UDON,INACTIVE,PR0011187
DAEM5UXPI,2017-04-20,CARNICERIA LA OAXAQUENA,92,A,1,ROUTINE INSPECTION,EE0000854,3307 W PICO BLVD,LOS ANGELES,FA0137536,CA,90019,OW0006224,"CARNICERIA LA OAXAQUENA, INC","FOOD MKT RETAIL (25-1,999 SF) HIGH RISK",1612,,ACTIVE,PR0121637
DAFIH0P7K,2018-03-29,CAFE SPOT,90,A,1,ROUTINE INSPECTION,EE0000699,3324 W 6TH ST # C,LOS ANGELES,FA0006958,CA,90020,OW0036616,"TS INVESTMENTS, INC",RESTAURANT (31-60) SEATS MODERATE RISK,1634,CAFE SPOT,ACTIVE,PR0004050
DACZN1UZN,2018-03-29,FLOR BLANCA,92,A,401,OWNER INITIATED ROUTINE INSPECT.,EE0001026,4400 S BROADWAY,LOS ANGELES,FA0062132,CA,90037,OW0037114,"VALDIVIA, EDWIN",RESTAURANT (0-30) SEATS HIGH RISK,1632,FLOR BLANCA,ACTIVE,PR0027778
DA6O80PTP,2017-03-16,THE TALPA,70,C,1,ROUTINE INSPECTION,EE0000338,11751 W PICO BLVD,LOS ANGELES,FA0051788,CA,90064,OW0035755,THE TALPA INC,RESTAURANT (61-150) SEATS HIGH RISK,1638,THE TALPA,ACTIVE,PR0003140
DAX2TKJTU,2016-11-01,ROLLING STONE SPACE 7C,91,A,1,ROUTINE INSPECTION,EE0000122,700 WORLD WAY,LOS ANGELES,FA0241558,CA,90045,OW0016382,HOST INTERNATIONAL INC,RESTAURANT (31-60) SEATS HIGH RISK,1635,ROLLING STONE SPACE 7C,ACTIVE,PR0189681
DAU4Y7OQP,2017-06-14,SUNSET EXPRESS,91,A,1,ROUTINE INSPECTION,EE0000846,5070 W SUNSET BLVD,LOS ANGELES,FA0177549,CA,90027,OW0183465,YAM'S INCORPORATED,RESTAURANT (0-30) SEATS HIGH RISK,1632,SUNSET EXPRESS,ACTIVE,PR0170571
DASVCRV0E,2016-10-28,VANILLA BAKESHOP,92,A,1,ROUTINE INSPECTION,EE0000633,380 WORLD WAY T55,LOS ANGELES,FA0138171,CA,90045,OW0016382,HOST INTERNATIONAL INC,RESTAURANT (0-30) SEATS LOW RISK,1630,VANILLA BAKESHOP,ACTIVE,PR0122415
DALMFZEFU,2017-04-04,THE KITCHEN COUNTER,96,A,1,ROUTINE INSPECTION,EE0000122,600 WORLD WAY,LOS ANGELES,FA0241579,CA,90045,OW0016382,HOST INTERNATIONAL INC,RESTAURANT (0-30) SEATS HIGH RISK,1632,THE KITCHEN COUNTER,ACTIVE,PR0189707
DAQOHWUBI,2018-01-22,PANDA EXPRESS,82,B,1,ROUTINE INSPECTION,EE0000122,800 WORLD WAY # A1-16,LOS ANGELES,FA0248502,CA,90045,OW0016382,HOST INTERNATIONAL INC,RESTAURANT (0-30) SEATS HIGH RISK,1632,PANDA EXPRESS,ACTIVE,PR0197162
DA400F6YP,2017-10-23,EL DIABLO ANTOJITOS MEXICANOS,70,C,1,ROUTINE INSPECTION,EE0001026,4501 S ALAMEDA ST,LOS ANGELES,FA0176826,CA,90058,OW0182825,CARVAJAL & BROTHERS RESTAURANT,RESTAURANT (61-150) SEATS HIGH RISK,1638,EL DIABLO ANTOJITOS MEXICANOS,ACTIVE,PR0169739
DA1QTQRY0,2017-04-18,EL CEMITERO PLOBLANO,93,A,1,ROUTINE INSPECTION,EE0000997,510 S LORENA ST,LOS ANGELES,FA0160443,CA,90063-3144,OW0125407,JUAN CARLOS ANTONIO-PELCASTRE,RESTAURANT (0-30) SEATS HIGH RISK,1632,EL CEMITERO PLOBLANO,ACTIVE,PR0148535
DAY7BF49Z,2016-06-29,NAM WON GOL,81,B,1,ROUTINE INSPECTION,EE0000854,3623 W PICO BLVD,LOS ANGELES,FA0067397,CA,90005,OW0006880,"CHAI, CHAN SOON",RESTAURANT (31-60) SEATS HIGH RISK,1635,NAM WON GOL,ACTIVE,PR0041234
DAVYJTUEV,2017-06-20,CARNICERIA LA OAXAQUENA,80,B,1,ROUTINE INSPECTION,EE0000854,3701 W PICO BLVD,LOS ANGELES,FA0013280,CA,90019,OW0006224,"CARNICERIA LA OAXAQUENA, INC",RESTAURANT (0-30) SEATS HIGH RISK,1632,CARNICERIA LA OAXAQUENA,ACTIVE,PR0021738
DAIEYA00Y,2015-11-25,CHAYA SUSHI,94,A,1,ROUTINE INSPECTION,EE0000633,380 WORLD WAY T44,LOS ANGELES,FA0138165,CA,90045,OW0016382,HOST INTERNATIONAL INC,RESTAURANT (0-30) SEATS HIGH RISK,1632,CHAYA SUSHI,ACTIVE,PR0122409
DA80TUGWP,2016-08-02,LAS PALMITAS FRUIT #4,93,A,1,ROUTINE INSPECTION,EE0000557,3691 E 3RD ST,LOS ANGELES,FA0035432,CA,90063,OW0020819,LAS PALMITAS FRESH FRUIT INC.,RESTAURANT (0-30) SEATS HIGH RISK,1632,LAS PALMITAS FRUIT #4,ACTIVE,PR0022233
DAUH8FDSV,2015-08-06,STARBUCKS COFFEE,95,A,1,ROUTINE INSPECTION,EE0000633,100 WORLD WAY,LOS ANGELES,FA0049340,CA,90045,OW0016382,HOST INTERNATIONAL INC,RESTAURANT (0-30) SEATS LOW RISK,1630,STARBUCKS COFFEE,INACTIVE,PR0038894
DAHLFV4PZ,2016-03-28,DURANGO RESTAURANT,94,A,1,ROUTINE INSPECTION,EE0000958,11227 S FIGUEROA ST,LOS ANGELES,FA0061187,CA,90061,OW0022845,"MAGDALENO, RAFAEL",RESTAURANT (0-30) SEATS HIGH RISK,1632,DURANGO RESTAURANT,ACTIVE,PR0008919
DAVQKK25F,2017-08-23,FOOD HAUS CAFE,91,A,1,ROUTINE INSPECTION,EE0000721,2106 S OLIVE ST,LOS ANGELES,FA0159984,CA,90007,OW0124972,FOOD HAUS CAFE INC,RESTAURANT (31-60) SEATS HIGH RISK,1635,FOOD HAUS CAFE,ACTIVE,PR0148065
DABL1HREO,2017-03-23,NATIONAL BAKING CO,95,A,1,ROUTINE INSPECTION,EE0000884,2661 W PICO BLVD,LOS ANGELES,FA0026093,CA,90006,OW0036168,TON SONNY,RESTAURANT (0-30) SEATS MODERATE RISK,1631,NATIONAL BAKING CO,ACTIVE,PR0019661
DAE6M32LL,2018-03-01,CHAYA SUSHI,77,C,1,ROUTINE INSPECTION,EE0000633,380 WORLD WAY T44,LOS ANGELES,FA0138165,CA,90045,OW0016382,HOST INTERNATIONAL INC,RESTAURANT (0-30) SEATS HIGH RISK,1632,CHAYA SUSHI,ACTIVE,PR0122409
DAIA7KS01,2017-02-28,SLAUSON FISH MARKET,74,C,1,ROUTINE INSPECTION,EE0000729,3420 W SLAUSON AVE STE H,LOS ANGELES,FA0046732,CA,90043,OW0017620,"JI, KIL HO","FOOD MKT RETAIL (25-1,999 SF) HIGH RISK",1612,SLAUSON FISH MARKET,INACTIVE,PR0024863
DA70T93XF,2016-01-27,SAMOSA HOUSE,92,A,1,ROUTINE INSPECTION,EE0000733,11510 W WASHINGTON BLVD,LOS ANGELES,FA0046826,CA,90066,OW0035737,THE SPICES BOX INC,RESTAURANT (61-150) SEATS HIGH RISK,1638,SAMOSA HOUSE RESTAURANT,ACTIVE,PR0119863
DAPVLLCVA,2016-05-31,EL OAXAQUENO BAKERY,81,B,1,ROUTINE INSPECTION,EE0000997,509 S INDIANA ST,LOS ANGELES,FA0003256,CA,90063,OW0009131,"CRUZ-MARTINEZ, FRANCISCO",RESTAURANT (0-30) SEATS MODERATE RISK,1631,EL OAXAQUENO BAKERY,ACTIVE,PR0010405
DAUWDOVE8,2016-01-27,ESTRADA AND SONS PRODUCE,90,A,1,ROUTINE INSPECTION,EE0001049,751 S KERN AVE,LOS ANGELES,FA0022165,CA,90022,OW0026173,"NOIASCO, VICTOR","FOOD MKT RETAIL (25-1,999 SF) MODERATE RISK",1611,ESTRADA AND SONS PRODUCE,ACTIVE,PR0020847
DA7MAGEN5,2017-11-02,PA ORD NOODLE,92,A,1,ROUTINE INSPECTION,EE0000835,7075 W SUNSET BLVD,LOS ANGELES,FA0163712,CA,90028,OW0127268,YOOTTHANA BAMRUNGKHET,RESTAURANT (0-30) SEATS HIGH RISK,1632,PA ORD NOODLE,ACTIVE,PR0151942
DAXKGD5LO,2015-08-19,A B C EXPRESS,86,B,1,ROUTINE INSPECTION,EE0000723,1822 W 7TH ST,LOS ANGELES,FA0056952,CA,90057,OW0039478,YAM'S INCORPORATED,RESTAURANT (31-60) SEATS HIGH RISK,1635,A B C EXPRESS,ACTIVE,PR0000547
DAH0YPY4N,2017-03-29,AUTENTICO SABOR CASERO,79,C,1,ROUTINE INSPECTION,EE0001064,7526 S HOOVER ST,LOS ANGELES,FA0023832,CA,90044,OW0100239,"GARDUNO, ROBERTO ROJAS",RESTAURANT (0-30) SEATS HIGH RISK,1632,AUTENTICO SABOR CASERO,ACTIVE,PR0031796
DAHNK45RA,2017-06-29,TACOS GALAN,75,C,1,ROUTINE INSPECTION,EE0001025,6707 S BROADWAY,LOS ANGELES,FA0244120,CA,90003-1844,OW0239348,GENDRI AUGUSTO GALEN CASTELLON,RESTAURANT (0-30) SEATS HIGH RISK,1632,TACOS GALAN,ACTIVE,PR0192387
DAH0S8L1Z,2016-03-16,MARISCOS EL DIABLO,91,A,1,ROUTINE INSPECTION,EE0001026,4501 S ALAMEDA ST # W-11,LOS ANGELES,FA0176829,CA,90058,OW0182825,CARVAJAL & BROTHERS RESTAURANT,RESTAURANT (0-30) SEATS HIGH RISK,1632,MARISCOS EL DIABLO,ACTIVE,PR0169742
DAJ6DGZIM,2015-09-10,SILVER LAKE JUICE BAR,90,A,1,ROUTINE INSPECTION,EE0000923,2813 W SUNSET BLVD,LOS ANGELES,FA0048476,CA,90026,OW0017618,"JI, BABA",RESTAURANT (31-60) SEATS MODERATE RISK,1634,SILVER LAKE JUICE BAR,INACTIVE,PR0015112
DAIWV7QJS,2015-08-12,KLATCH COFFEE,95,A,1,ROUTINE INSPECTION,EE0000122,700 WORLD WAY # T7J,LOS ANGELES,FA0064886,CA,90045,OW0009036,"CREWS OF CALIFORNIA, INC",RESTAURANT (31-60) SEATS MODERATE RISK,1634,KLATCH COFFEE,ACTIVE,PR0013339
DAX0ZHMK5,2016-04-27,HABIBI CAFE & LOUNGE,84,B,1,ROUTINE INSPECTION,EE0000911,923 BROXTON AVE,LOS ANGELES,FA0027255,CA,90024,OW0011675,FATHI SAAD,RESTAURANT (151 + ) SEATS HIGH RISK,1641,HABIBI CAFE & LOUNGE,ACTIVE,PR0012092
DABOMTVP9,2017-11-30,SAKURA RESTAURANT WAREHOUSE,100,A,1,ROUTINE INSPECTION,EE0000953,4543 S CENTINELA AVE,LOS ANGELES,FA0047373,CA,90066,OW0036339,"TOYA, JANIS",RESTAURANT (0-30) SEATS LOW RISK,1630,SAKURA RESTAURANT WAREHOUSE,ACTIVE,PR0005284
DA7HKLCP1,2017-10-11,LOS POBLANOS RESTAURANTE,100,A,1,ROUTINE INSPECTION,EE0000800,1433 W JEFFERSON BLVD,LOS ANGELES,FA0035885,CA,90018,OW0037663,VICTORINO TEYUCA,RESTAURANT (0-30) SEATS HIGH RISK,1632,LOS POBLANOS RESTAURANTE,ACTIVE,PR0039400
DAZ3C0FNA,2017-05-26,DENNY'S RESTAURANT #7757,100,A,1,ROUTINE INSPECTION,EE0000798,3740 CRENSHAW BLVD,LOS ANGELES,FA0060787,CA,90016,OW0007968,CHUKA FOODS,RESTAURANT (61-150) SEATS HIGH RISK,1638,DENNY'S RESTAURANT #7757,ACTIVE,PR0003421
DAW6X9WHB,2017-05-17,PANDA CHINESE RESTAURANT,100,A,1,ROUTINE INSPECTION,EE0000798,4032 S WESTERN AVE,LOS ANGELES,FA0068234,CA,90062,OW0018189,K & D CHINESE FAST FOOD INC,RESTAURANT (0-30) SEATS HIGH RISK,1632,PANDA CHINESE RESTAURANT,ACTIVE,PR0017135
DA0845321,2017-05-05,ELYSIAN RESTAURANT,100,A,1,ROUTINE INSPECTION,EE0000523,2806 CLEARWATER ST,LOS ANGELES,FA0158891,CA,90039,OW0123938,ELYSIAN LLC,RESTAURANT (31-60) SEATS HIGH RISK,1635,ELYSIAN RESTAURANT,ACTIVE,PR0146971
DA0769732,2017-02-01,CANCUN RESTAURANT,100,A,1,ROUTINE INSPECTION,EE0000950,5219 E BEVERLY BLVD,LOS ANGELES,FA0012815,CA,90022,OW0028703,MARGARITA R. PLATON,RESTAURANT (31-60) SEATS LOW RISK,1633,CANCUN RESTAURANT,ACTIVE,PR0022877
DABIFI10F,2016-12-14,PANDA CHINESE RESTAURANT,100,A,1,ROUTINE INSPECTION,EE0000798,4032 S WESTERN AVE,LOS ANGELES,FA0068234,CA,90062,OW0018189,K & D CHINESE FAST FOOD INC,RESTAURANT (0-30) SEATS HIGH RISK,1632,PANDA CHINESE RESTAURANT,ACTIVE,PR0017135
DA0732819,2016-12-11,NENA RESTAURANT,100,A,1,ROUTINE INSPECTION,EE0001026,1804 E VERNON AVE # D-51,LOS ANGELES,FA0067478,CA,90058,OW0026545,MARIA E. OCHOA,RESTAURANT (0-30) SEATS HIGH RISK,1632,NENA RESTAURANT,ACTIVE,PR0022857
DAH1UVE0U,2016-12-01,B.L. RESTAURANT,100,A,1,ROUTINE INSPECTION,EE0000721,617 W 7TH ST,LOS ANGELES,FA0164787,CA,90017,OW0128102,BHFC OPERATING LLC,RESTAURANT (0-30) SEATS HIGH RISK,1632,B.L. RESTAURANT,ACTIVE,PR0153075
DAJXS1KG0,2016-11-03,LA FUENTE RESTAURANT,100,A,1,ROUTINE INSPECTION,EE0000923,5530 MONTE VISTA ST,LOS ANGELES,FA0020855,CA,90042,OW0031788,"SAPIEN,JOSE A V&MARTHA M DBA",RESTAURANT (0-30) SEATS HIGH RISK,1632,LA FUENTE RESTAURANT,ACTIVE,PR0011374
DA1SSC6PA,2016-11-02,LOS ARCOS RESTAURANT,100,A,1,ROUTINE INSPECTION,EE0000950,5719 E WHITTIER BLVD,LOS ANGELES,FA0065926,CA,90022,OW0004107,"BAUTISTA, ADOLFO",RESTAURANT (61-150) SEATS HIGH RISK,1638,LOS ARCOS RESTAURANT,ACTIVE,PR0016276
DAJH28NYZ,2016-09-16,LEONARDO'S RESTAURANT,100,A,1,ROUTINE INSPECTION,EE0000799,6611 S ALAMEDA ST,LOS ANGELES,FA0035989,CA,90001,OW0022181,"LOPEZ, LEONARDO M",RESTAURANT (151 + ) SEATS HIGH RISK,1641,LEONARDO'S RESTAURANT,ACTIVE,PR0005399
DASRZSMLG,2016-08-26,TEXIS RESTAURANT AND ENTERTAINMENT,100,A,1,ROUTINE INSPECTION,EE0000884,2815 W PICO BLVD,LOS ANGELES,FA0036834,CA,90006,OW0035347,TEXIS RESTAURANTS INC,RESTAURANT (61-150) SEATS HIGH RISK,1638,TEXIS RESTAURANT AND ENTERTAINMENT,ACTIVE,PR0044767
DASIBGFOE,2016-08-02,PANDA CHINESE RESTAURANT,100,A,1,ROUTINE INSPECTION,EE0000798,4032 S WESTERN AVE,LOS ANGELES,FA0068234,CA,90062,OW0018189,K & D CHINESE FAST FOOD INC,RESTAURANT (0-30) SEATS HIGH RISK,1632,PANDA CHINESE RESTAURANT,ACTIVE,PR0017135
DAFTLRTAR,2016-06-21,SAKURA RESTAURANT WAREHOUSE,100,A,1,ROUTINE INSPECTION,EE0000953,4543 S CENTINELA AVE,LOS ANGELES,FA0047373,CA,90066,OW0036339,"TOYA, JANIS",RESTAURANT (31-60) SEATS LOW RISK,1633,SAKURA RESTAURANT WAREHOUSE,ACTIVE,PR0005284
DA0577007,2016-05-23,LOS ARCOS RESTAURANT,100,A,1,ROUTINE INSPECTION,EE0000950,5719 E WHITTIER BLVD,LOS ANGELES,FA0065926,CA,90022,OW0004107,"BAUTISTA, ADOLFO",RESTAURANT (61-150) SEATS HIGH RISK,1638,LOS ARCOS RESTAURANT,ACTIVE,PR0016276
DAAJCZABH,2016-03-04,LEONARDO'S RESTAURANT,100,A,1,ROUTINE INSPECTION,EE0000799,6611 S ALAMEDA ST,LOS ANGELES,FA0035989,CA,90001,OW0022181,"LOPEZ, LEONARDO M",RESTAURANT (151 + ) SEATS HIGH RISK,1641,LEONARDO'S RESTAURANT,ACTIVE,PR0005399
DAXJ63WHI,2016-02-25,PANDA CHINESE RESTAURANT,100,A,1,ROUTINE INSPECTION,EE0000798,4032 S WESTERN AVE,LOS ANGELES,FA0068234,CA,90062,OW0018189,K & D CHINESE FAST FOOD INC,RESTAURANT (0-30) SEATS HIGH RISK,1632,PANDA CHINESE RESTAURANT,ACTIVE,PR0017135
DAAULA3KB,2016-02-03,D'LIDO RESTAURANT AND BAKERY,100,A,1,ROUTINE INSPECTION,EE0000140,1147 W WASHINGTON BLVD,LOS ANGELES,FA0142882,CA,90015-3315,OW0106042,GALDAZA FOOD CORPORATION,"FOOD MKT RETAIL (25-1,999 SF) LOW RISK",1610,D'LIDO RESTAURANT AND BAKERY,ACTIVE,PR0127024
DAJO7NNFI,2015-09-11,LEONARDO'S RESTAURANT,100,A,1,ROUTINE INSPECTION,EE0000799,6611 S ALAMEDA ST,LOS ANGELES,FA0035989,CA,90001,OW0022181,"LOPEZ, LEONARDO M",RESTAURANT (151 + ) SEATS HIGH RISK,1641,LEONARDO'S RESTAURANT,ACTIVE,PR0005399
DAIARSDMB,2018-03-16,EARLES RESTAURANT,100,A,1,ROUTINE INSPECTION,EE0000798,3864 CRENSHAW BLVD,LOS ANGELES,FA0224049,CA,90008-1821,OW0228618,"EARLE'S RESTAURANT,LLC",RESTAURANT (0-30) SEATS HIGH RISK,1632,EARLES RESTAURANT,ACTIVE,PR0179214
DASOOMFR0,2017-12-19,QWENCH 9TH AND FLOWER,91,A,1,ROUTINE INSPECTION,EE0000721,645 W 9TH ST STE 109,LOS ANGELES,FA0030823,CA,90017,OW0000115,"110 SUNSHINE SMOOTHIES, INC",RESTAURANT (0-30) SEATS MODERATE RISK,1631,QWENCH 9TH AND FLOWER,ACTIVE,PR0009626
DANB2YKB2,2017-11-08,MORI SUSHI,93,A,1,ROUTINE INSPECTION,EE0000338,11500 W PICO BLVD,LOS ANGELES,FA0041542,CA,90064,OW0030832,ROUND 3 INC.,RESTAURANT (31-60) SEATS HIGH RISK,1635,MORI SUSHI,ACTIVE,PR0011252
DAZGWLYF2,2017-10-18,PUPUSERIA Y RESTAURANTE SIHUATEHUACAN,94,A,1,ROUTINE INSPECTION,EE0001026,4614 AVALON BLVD,LOS ANGELES,FA0243197,CA,90011,OW0129457,OSWALDO A RAMON RENDEROS,RESTAURANT (0-30) SEATS HIGH RISK,1632,PUPUSERIA Y RESTAURANTE SIHUATEHUACAN,ACTIVE,PR0191418
DA88LNBWP,2017-08-30,ANTONIO'S,80,B,1,ROUTINE INSPECTION,EE0000951,7470 MELROSE AVE,LOS ANGELES,FA0006521,CA,90046,OW0003489,AXY ENTERPRISES,RESTAURANT (151 + ) SEATS HIGH RISK,1641,ANTONIO'S,ACTIVE,PR0010215
DABPFK0H0,2017-08-30,QWENCH JUICE BAR,91,A,1,ROUTINE INSPECTION,EE0001058,201 N LOS ANGELES ST STE 24,LOS ANGELES,FA0030822,CA,90012,OW0000115,"110 SUNSHINE SMOOTHIES, INC",RESTAURANT (0-30) SEATS MODERATE RISK,1631,QWENCH JUICE BAR,ACTIVE,PR0019841
DAQGI300N,2017-08-29,DRINK / QUENCH HOLLYWOOD,93,A,1,ROUTINE INSPECTION,EE0000835,6848 W SUNSET BLVD,LOS ANGELES,FA0030817,CA,90028,OW0000115,"110 SUNSHINE SMOOTHIES, INC",RESTAURANT (0-30) SEATS MODERATE RISK,1631,DRINK / QUENCH HOLLYWOOD,ACTIVE,PR0010536
DACWAFY77,2017-08-28,TAMALES ALBERTO,97,A,1,ROUTINE INSPECTION,EE0000723,1644 W TEMPLE ST,LOS ANGELES,FA0071840,CA,90026,OW0024088,MEJIA FRANCISCO,RESTAURANT (0-30) SEATS HIGH RISK,1632,TAMALES ALBERTO,ACTIVE,PR0046859
DAUV5NCL1,2017-08-17,ROBEKS JUICE,93,A,1,ROUTINE INSPECTION,EE0000846,1915 N HILLHURST AVE,LOS ANGELES,FA0046628,CA,90027,OW0000118,"110 SUNSHINE SMOOTHIES, INC.",RESTAURANT (0-30) SEATS MODERATE RISK,1631,ROBEKS JUICE,ACTIVE,PR0012195
DATAXREPB,2017-08-14,DRINK COFFEE + TEA,90,A,1,ROUTINE INSPECTION,EE0000904,1528 N VERMONT AVE # #C,LOS ANGELES,FA0030543,CA,90027,OW0000117,"110 SUNSHINE SMOOTHIES, INC.",RESTAURANT (0-30) SEATS MODERATE RISK,1631,DRINK COFFEE + TEA,ACTIVE,PR0025522
DABYSXA7N,2017-08-08,PRESTO DELI,74,C,1,ROUTINE INSPECTION,EE0000684,1849 SAWTELLE BLVD,LOS ANGELES,FA0045117,CA,90025,OW0013793,GOODWIN TYRONE,RESTAURANT (0-30) SEATS MODERATE RISK,1631,PRESTO DELI,ACTIVE,PR0023493
DAFQAA2NG,2017-07-17,PUPUSERIA Y RESTAURANTE SIHUATEHUACAN,97,A,401,OWNER INITIATED ROUTINE INSPECT.,EE0001026,4614 AVALON BLVD,LOS ANGELES,FA0243197,CA,90011,OW0129457,OSWALDO A RAMON RENDEROS,RESTAURANT (0-30) SEATS HIGH RISK,1632,PUPUSERIA Y RESTAURANTE SIHUATEHUACAN,ACTIVE,PR0191418
DA6CKZ2E6,2017-06-28,PUPUSERIA Y RESTAURANTE SIHUATEHUACAN,72,C,1,ROUTINE INSPECTION,EE0001026,4614 AVALON BLVD,LOS ANGELES,FA0243197,CA,90011,OW0129457,OSWALDO A RAMON RENDEROS,RESTAURANT (0-30) SEATS HIGH RISK,1632,PUPUSERIA Y RESTAURANTE SIHUATEHUACAN,ACTIVE,PR0191418
DAM23880D,2017-06-20,QWENCH 9TH AND FLOWER,91,A,1,ROUTINE INSPECTION,EE0000721,645 W 9TH ST STE 109,LOS ANGELES,FA0030823,CA,90017,OW0000115,"110 SUNSHINE SMOOTHIES, INC",RESTAURANT (0-30) SEATS MODERATE RISK,1631,QWENCH 9TH AND FLOWER,ACTIVE,PR0009626
DANL8WRBT,2017-06-15,QWENCH JUICE BAR,91,A,1,ROUTINE INSPECTION,EE0001058,201 N LOS ANGELES ST STE 24,LOS ANGELES,FA0030822,CA,90012,OW0000115,"110 SUNSHINE SMOOTHIES, INC",RESTAURANT (0-30) SEATS MODERATE RISK,1631,QWENCH JUICE BAR,ACTIVE,PR0019841
DAIH6JMMK,2017-06-01,MORI SUSHI,95,A,401,OWNER INITIATED ROUTINE INSPECT.,EE0000338,11500 W PICO BLVD,LOS ANGELES,FA0041542,CA,90064,OW0030832,ROUND 3 INC.,RESTAURANT (31-60) SEATS HIGH RISK,1635,MORI SUSHI,ACTIVE,PR0011252
DAVYQRZ1T,2017-05-24,MORI SUSHI,81,B,1,ROUTINE INSPECTION,EE0000338,11500 W PICO BLVD,LOS ANGELES,FA0041542,CA,90064,OW0030832,ROUND 3 INC.,RESTAURANT (31-60) SEATS HIGH RISK,1635,MORI SUSHI,ACTIVE,PR0011252
DA0C33HXK,2017-05-10,ANTONIO'S,96,A,1,ROUTINE INSPECTION,EE0000951,7470 MELROSE AVE,LOS ANGELES,FA0006521,CA,90046,OW0003489,AXY ENTERPRISES,RESTAURANT (151 + ) SEATS HIGH RISK,1641,ANTONIO'S,ACTIVE,PR0010215
DABI5LBZS,2017-03-30,TAMALES ALBERTO,96,A,1,ROUTINE INSPECTION,EE0000723,1644 W TEMPLE ST,LOS ANGELES,FA0071840,CA,90026,OW0024088,MEJIA FRANCISCO,RESTAURANT (0-30) SEATS HIGH RISK,1632,TAMALES ALBERTO,ACTIVE,PR0046859
DAUPP40X6,2017-03-13,DRINK COFFEE + TEA,96,A,1,ROUTINE INSPECTION,EE0000904,1528 N VERMONT AVE # #C,LOS ANGELES,FA0030543,CA,90027,OW0000117,"110 SUNSHINE SMOOTHIES, INC.",RESTAURANT (0-30) SEATS MODERATE RISK,1631,DRINK COFFEE + TEA,ACTIVE,PR0025522
DA60MQKGF,2017-03-08,PUPUSERIA Y RESTAURANTE SIHUATEHUACAN,96,A,1,ROUTINE INSPECTION,EE0001026,4614 AVALON BLVD,LOS ANGELES,FA0243197,CA,90011,OW0129457,OSWALDO A RAMON RENDEROS,RESTAURANT (0-30) SEATS HIGH RISK,1632,PUPUSERIA Y RESTAURANTE SIHUATEHUACAN,ACTIVE,PR0191418
DABLXRQU0,2017-01-17,DRINK / QUENCH HOLLYWOOD,91,A,1,ROUTINE INSPECTION,EE0000835,6848 W SUNSET BLVD,LOS ANGELES,FA0030817,CA,90028,OW0000115,"110 SUNSHINE SMOOTHIES, INC",RESTAURANT (0-30) SEATS MODERATE RISK,1631,DRINK / QUENCH HOLLYWOOD,ACTIVE,PR0010536
DAKZPJLCG,2017-01-05,ROBEKS JUICE,91,A,1,ROUTINE INSPECTION,EE0000846,1915 N HILLHURST AVE,LOS ANGELES,FA0046628,CA,90027,OW0000118,"110 SUNSHINE SMOOTHIES, INC.",RESTAURANT (0-30) SEATS MODERATE RISK,1631,ROBEKS JUICE,ACTIVE,PR0012195
DAI8RDF4U,2016-12-20,MORI SUSHI,94,A,1,ROUTINE INSPECTION,EE0000338,11500 W PICO BLVD,LOS ANGELES,FA0041542,CA,90064,OW0030832,ROUND 3 INC.,RESTAURANT (31-60) SEATS HIGH RISK,1635,MORI SUSHI,ACTIVE,PR0011252
DAQOWJIPJ,2016-11-22,TAMALES ALBERTO,94,A,401,OWNER INITIATED ROUTINE INSPECT.,EE0000723,1644 W TEMPLE ST,LOS ANGELES,FA0071840,CA,90026,OW0024088,MEJIA FRANCISCO,RESTAURANT (0-30) SEATS HIGH RISK,1632,TAMALES ALBERTO,ACTIVE,PR0046859
DAMFJDDZA,2016-11-01,TAMALES ALBERTO,80,B,1,ROUTINE INSPECTION,EE0000723,1644 W TEMPLE ST,LOS ANGELES,FA0071840,CA,90026,OW0024088,MEJIA FRANCISCO,RESTAURANT (0-30) SEATS HIGH RISK,1632,TAMALES ALBERTO,ACTIVE,PR0046859
DAGYLIWEK,2016-10-26,DRINK COFFEE + TEA,95,A,1,ROUTINE INSPECTION,EE0000904,1528 N VERMONT AVE # #C,LOS ANGELES,FA0030543,CA,90027,OW0000117,"110 SUNSHINE SMOOTHIES, INC.",RESTAURANT (0-30) SEATS MODERATE RISK,1631,DRINK COFFEE + TEA,ACTIVE,PR0025522
DATTZ9T0O,2016-09-14,DRINK / QUENCH HOLLYWOOD,92,A,1,ROUTINE INSPECTION,EE0000835,6848 W SUNSET BLVD,LOS ANGELES,FA0030817,CA,90028,OW0000115,"110 SUNSHINE SMOOTHIES, INC",RESTAURANT (0-30) SEATS MODERATE RISK,1631,DRINK / QUENCH HOLLYWOOD,ACTIVE,PR0010536
DAR0DMVDD,2016-09-06,PRESTO DELI,94,A,1,ROUTINE INSPECTION,EE0000684,1849 SAWTELLE BLVD,LOS ANGELES,FA0045117,CA,90025,OW0013793,GOODWIN TYRONE,RESTAURANT (0-30) SEATS MODERATE RISK,1631,PRESTO DELI,ACTIVE,PR0023493
DAEW8QXGO,2016-09-06,QWENCH JUICE BAR,90,A,1,ROUTINE INSPECTION,EE0001058,201 N LOS ANGELES ST STE 24,LOS ANGELES,FA0030822,CA,90012,OW0000115,"110 SUNSHINE SMOOTHIES, INC",RESTAURANT (0-30) SEATS MODERATE RISK,1631,QWENCH JUICE BAR,ACTIVE,PR0019841
DA5DIACYB,2016-08-09,ROBEKS JUICE,94,A,1,ROUTINE INSPECTION,EE0000846,1915 N HILLHURST AVE,LOS ANGELES,FA0046628,CA,90027,OW0000118,"110 SUNSHINE SMOOTHIES, INC.",RESTAURANT (0-30) SEATS MODERATE RISK,1631,ROBEKS JUICE,ACTIVE,PR0012195
DAAQTSLZ3,2016-07-28,PRESTO DELI,100,A,1,ROUTINE INSPECTION,EE0000684,1849 SAWTELLE BLVD,LOS ANGELES,FA0045117,CA,90025,OW0013793,GOODWIN TYRONE,RESTAURANT (0-30) SEATS MODERATE RISK,1631,PRESTO DELI,ACTIVE,PR0023493
DAWSI8PVN,2016-07-20,ANTONIO'S,96,A,1,ROUTINE INSPECTION,EE0000951,7470 MELROSE AVE,LOS ANGELES,FA0006521,CA,90046,OW0003489,AXY ENTERPRISES,RESTAURANT (151 + ) SEATS HIGH RISK,1641,ANTONIO'S,ACTIVE,PR0010215
DAG33AVM1,2016-06-22,DRINK COFFEE + TEA,96,A,1,ROUTINE INSPECTION,EE0000904,1528 N VERMONT AVE # #C,LOS ANGELES,FA0030543,CA,90027,OW0000117,"110 SUNSHINE SMOOTHIES, INC.",RESTAURANT (0-30) SEATS MODERATE RISK,1631,DRINK COFFEE + TEA,ACTIVE,PR0025522
DAE3RRY9A,2016-05-26,QWENCH JUICE BAR,92,A,1,ROUTINE INSPECTION,EE0001058,201 N LOS ANGELES ST STE 24,LOS ANGELES,FA0030822,CA,90012,OW0000115,"110 SUNSHINE SMOOTHIES, INC",RESTAURANT (0-30) SEATS MODERATE RISK,1631,QWENCH JUICE BAR,ACTIVE,PR0019841
DAR9KZGD0,2016-05-17,DRINK / QUENCH HOLLYWOOD,92,A,1,ROUTINE INSPECTION,EE0000835,6848 W SUNSET BLVD,LOS ANGELES,FA0030817,CA,90028,OW0000115,"110 SUNSHINE SMOOTHIES, INC",RESTAURANT (0-30) SEATS MODERATE RISK,1631,DRINK / QUENCH HOLLYWOOD,ACTIVE,PR0010536
DA7KOFONX,2016-05-02,QWENCH 9TH AND FLOWER,96,A,1,ROUTINE INSPECTION,EE0000721,645 W 9TH ST STE 109,LOS ANGELES,FA0030823,CA,90017,OW0000115,"110 SUNSHINE SMOOTHIES, INC",RESTAURANT (0-30) SEATS MODERATE RISK,1631,QWENCH 9TH AND FLOWER,ACTIVE,PR0009626
DAIBRNJ20,2016-04-27,TAMALES ALBERTO,96,A,1,ROUTINE INSPECTION,EE0000723,1644 W TEMPLE ST,LOS ANGELES,FA0071840,CA,90026,OW0024088,MEJIA FRANCISCO,RESTAURANT (0-30) SEATS HIGH RISK,1632,TAMALES ALBERTO,ACTIVE,PR0046859
DA3R3MB62,2016-02-19,ROBEKS JUICE,96,A,1,ROUTINE INSPECTION,EE0000846,1915 N HILLHURST AVE,LOS ANGELES,FA0046628,CA,90027,OW0000118,"110 SUNSHINE SMOOTHIES, INC.",RESTAURANT (0-30) SEATS MODERATE RISK,1631,ROBEKS JUICE,ACTIVE,PR0012195
DAKQUES0B,2016-02-18,PRESTO DELI,98,A,1,ROUTINE INSPECTION,EE0000684,1849 SAWTELLE BLVD,LOS ANGELES,FA0045117,CA,90025,OW0013793,GOODWIN TYRONE,RESTAURANT (0-30) SEATS MODERATE RISK,1631,PRESTO DELI,ACTIVE,PR0023493
DAEGYWYGY,2016-02-11,MORI SUSHI,92,A,1,ROUTINE INSPECTION,EE0000338,11500 W PICO BLVD,LOS ANGELES,FA0041542,CA,90064,OW0030832,ROUND 3 INC.,RESTAURANT (31-60) SEATS HIGH RISK,1635,MORI SUSHI,ACTIVE,PR0011252
DAMEV4NQC,2016-01-27,TAMALES ALBERTO,95,A,1,ROUTINE INSPECTION,EE0000723,1644 W TEMPLE ST,LOS ANGELES,FA0071840,CA,90026,OW0024088,MEJIA FRANCISCO,RESTAURANT (0-30) SEATS HIGH RISK,1632,TAMALES ALBERTO,ACTIVE,PR0046859
DAW1GYHHK,2016-01-26,ANTONIO'S,93,A,1,ROUTINE INSPECTION,EE0000951,7470 MELROSE AVE,LOS ANGELES,FA0006521,CA,90046,OW0003489,AXY ENTERPRISES,RESTAURANT (151 + ) SEATS HIGH RISK,1641,ANTONIO'S,ACTIVE,PR0010215
DAEKV3JM5,2016-01-22,DRINK / QUENCH HOLLYWOOD,90,A,1,ROUTINE INSPECTION,EE0000835,6848 W SUNSET BLVD,LOS ANGELES,FA0030817,CA,90028,OW0000115,"110 SUNSHINE SMOOTHIES, INC",RESTAURANT (0-30) SEATS MODERATE RISK,1631,DRINK / QUENCH HOLLYWOOD,ACTIVE,PR0010536
DAZWA4CKQ,2015-12-29,DRINK COFFEE + TEA,91,A,1,ROUTINE INSPECTION,EE0000904,1528 N VERMONT AVE # #C,LOS ANGELES,FA0030543,CA,90027,OW0000117,"110 SUNSHINE SMOOTHIES, INC.",RESTAURANT (0-30) SEATS MODERATE RISK,1631,DRINK COFFEE + TEA,ACTIVE,PR0025522
DAC2EVHKT,2015-11-04,MORI SUSHI,97,A,1,ROUTINE INSPECTION,EE0000338,11500 W PICO BLVD,LOS ANGELES,FA0041542,CA,90064,OW0030832,ROUND 3 INC.,RESTAURANT (31-60) SEATS HIGH RISK,1635,MORI SUSHI,ACTIVE,PR0011252
DA9ALHIFH,2015-09-17,TAMALES ALBERTO,94,A,1,ROUTINE INSPECTION,EE0000723,1644 W TEMPLE ST,LOS ANGELES,FA0071840,CA,90026,OW0024088,MEJIA FRANCISCO,RESTAURANT (0-30) SEATS HIGH RISK,1632,TAMALES ALBERTO,ACTIVE,PR0046859
DA9ZVACY9,2015-09-09,QWENCH JUICE BAR,92,A,1,ROUTINE INSPECTION,EE0000893,201 N LOS ANGELES ST STE 24,LOS ANGELES,FA0030822,CA,90012,OW0000115,"110 SUNSHINE SMOOTHIES, INC",RESTAURANT (0-30) SEATS MODERATE RISK,1631,QWENCH JUICE BAR,ACTIVE,PR0019841
DALWMXDGP,2015-09-03,ANTONIO'S,93,A,1,ROUTINE INSPECTION,EE0000951,7470 MELROSE AVE,LOS ANGELES,FA0006521,CA,90046,OW0003489,AXY ENTERPRISES,RESTAURANT (151 + ) SEATS HIGH RISK,1641,ANTONIO'S,ACTIVE,PR0010215
DAM63NTWU,2015-07-28,PRESTO DELI,95,A,1,ROUTINE INSPECTION,EE0000684,1849 SAWTELLE BLVD,LOS ANGELES,FA0045117,CA,90025,OW0013793,GOODWIN TYRONE,RESTAURANT (0-30) SEATS MODERATE RISK,1631,PRESTO DELI,ACTIVE,PR0023493
DACKTZYRG,2015-07-17,ROBEKS JUICE,95,A,1,ROUTINE INSPECTION,EE0000718,1915 N HILLHURST AVE,LOS ANGELES,FA0046628,CA,90027,OW0000118,"110 SUNSHINE SMOOTHIES, INC.",RESTAURANT (0-30) SEATS MODERATE RISK,1631,ROBEKS JUICE,ACTIVE,PR0012195
DAFM1YEPX,2018-03-13,DRINK / QUENCH HOLLYWOOD,94,A,1,ROUTINE INSPECTION,EE0000835,6848 W SUNSET BLVD,LOS ANGELES,FA0030817,CA,90028,OW0000115,"110 SUNSHINE SMOOTHIES, INC",RESTAURANT (0-30) SEATS MODERATE RISK,1631,DRINK / QUENCH HOLLYWOOD,ACTIVE,PR0010536
DAXKTJJXU,2018-02-14,QWENCH JUICE BAR,90,A,1,ROUTINE INSPECTION,EE0001058,201 N LOS ANGELES ST STE 24,LOS ANGELES,FA0030822,CA,90012,OW0000115,"110 SUNSHINE SMOOTHIES, INC",RESTAURANT (0-30) SEATS MODERATE RISK,1631,QWENCH JUICE BAR,ACTIVE,PR0019841
DA7798LO0,2018-01-16,PRESTO DELI,97,A,1,ROUTINE INSPECTION,EE0000684,1849 SAWTELLE BLVD,LOS ANGELES,FA0045117,CA,90025,OW0013793,GOODWIN TYRONE,RESTAURANT (0-30) SEATS MODERATE RISK,1631,PRESTO DELI,ACTIVE,PR0023493
DALAYS0EE,2018-01-10,ANTONIO'S,97,A,1,ROUTINE INSPECTION,EE0000951,7470 MELROSE AVE,LOS ANGELES,FA0006521,CA,90046,OW0003489,AXY ENTERPRISES,RESTAURANT (151 + ) SEATS HIGH RISK,1641,ANTONIO'S,ACTIVE,PR0010215
DAL6AQGIQ,2018-01-05,ROBEKS JUICE,95,A,1,ROUTINE INSPECTION,EE0000846,1915 N HILLHURST AVE,LOS ANGELES,FA0046628,CA,90027,OW0000118,"110 SUNSHINE SMOOTHIES, INC.",RESTAURANT (0-30) SEATS MODERATE RISK,1631,ROBEKS JUICE,ACTIVE,PR0012195